p_initial,total_mean,bethe,total_mode,landau_sigma
0.05,0.00396716,0.003967,0.00357032,0.000522551
0.0504976,0.00391377,0.00391362,0.00352228,0.000514178
0.0510002,0.00386129,0.00386113,0.00347504,0.000505968
0.0515078,0.00380969,0.00380953,0.0034286,0.00049792
0.0520205,0.00375896,0.0037588,0.00338294,0.00049003
0.0525382,0.00370909,0.00370893,0.00333806,0.000482295
0.0530611,0.00366006,0.00365991,0.00329394,0.000474711
0.0535892,0.00361187,0.00361171,0.00325056,0.000467276
0.0541225,0.00356449,0.00356434,0.00320793,0.000459987
0.0546612,0.00351793,0.00351777,0.00316602,0.000452841
0.0552052,0.00347215,0.00347199,0.00312482,0.000445835
0.0557547,0.00342716,0.003427,0.00308432,0.000438966
0.0563096,0.00338293,0.00338278,0.00304452,0.000432232
0.05687,0.00333947,0.00333931,0.0030054,0.00042563
0.057436,0.00329674,0.00329658,0.00296695,0.000419158
0.0580077,0.00325476,0.0032546,0.00292916,0.000412812
0.058585,0.00321349,0.00321333,0.00289202,0.000406591
0.0591681,0.00317293,0.00317277,0.00285552,0.000400492
0.059757,0.00313308,0.00313292,0.00281965,0.000394513
0.0603517,0.00309391,0.00309375,0.0027844,0.000388651
0.0609524,0.00305542,0.00305526,0.00274976,0.000382904
0.061559,0.0030176,0.00301744,0.00271572,0.000377269
0.0621717,0.00298043,0.00298027,0.00268227,0.000371745
0.0627905,0.00294392,0.00294375,0.0026494,0.00036633
0.0634154,0.00290803,0.00290787,0.00261711,0.00036102
0.0640466,0.00287278,0.00287261,0.00258537,0.000355815
0.064684,0.00283813,0.00283797,0.0025542,0.000350712
0.0653278,0.0028041,0.00280393,0.00252357,0.000345709
0.065978,0.00277066,0.0027705,0.00249347,0.000340804
0.0666346,0.00273781,0.00273764,0.00246391,0.000335995
0.0672978,0.00270554,0.00270537,0.00243486,0.00033128
0.0679676,0.00267384,0.00267367,0.00240633,0.000326658
0.0686441,0.00264269,0.00264252,0.0023783,0.000322127
0.0693273,0.0026121,0.00261193,0.00235076,0.000317685
0.0700172,0.00258205,0.00258188,0.00232372,0.000313329
0.0707141,0.00255253,0.00255236,0.00229715,0.000309059
0.0714179,0.00252354,0.00252337,0.00227106,0.000304873
0.0721287,0.00249506,0.00249489,0.00224543,0.000300769
0.0728466,0.00246709,0.00246692,0.00222026,0.000296745
0.0735716,0.00243963,0.00243946,0.00219554,0.000292801
0.0743038,0.00241265,0.00241248,0.00217126,0.000288933
0.0750434,0.00238616,0.00238599,0.00214742,0.000285142
0.0757902,0.00236015,0.00235997,0.002124,0.000281425
0.0765446,0.0023346,0.00233443,0.00210101,0.000277781
0.0773064,0.00230952,0.00230934,0.00207844,0.000274208
0.0780758,0.00228489,0.00228471,0.00205627,0.000270705
0.0788528,0.0022607,0.00226053,0.0020345,0.000267271
0.0796376,0.00223696,0.00223678,0.00201313,0.000263904
0.0804303,0.00221365,0.00221347,0.00199215,0.000260604
0.0812308,0.00219076,0.00219059,0.00197155,0.000257368
0.0820392,0.00216829,0.00216812,0.00195133,0.000254195
0.0828557,0.00214624,0.00214606,0.00193148,0.000251085
0.0836804,0.00212459,0.00212441,0.00191199,0.000248036
0.0845132,0.00210334,0.00210316,0.00189287,0.000245047
0.0853543,0.00208248,0.0020823,0.00187409,0.000242116
0.0862038,0.002062,0.00206182,0.00185567,0.000239243
0.0870618,0.00204191,0.00204172,0.00183758,0.000236426
0.0879283,0.00202219,0.002022,0.00181983,0.000233664
0.0888034,0.00200283,0.00200265,0.00180241,0.000230956
0.0896873,0.00198384,0.00198365,0.00178532,0.000228302
0.0905799,0.0019652,0.00196502,0.00176854,0.0002257
0.0914814,0.00194691,0.00194673,0.00175208,0.000223148
0.0923919,0.00192897,0.00192878,0.00173593,0.000220647
0.0933114,0.00191137,0.00191118,0.00172009,0.000218195
0.0942401,0.00189409,0.0018939,0.00170454,0.000215791
0.0951781,0.00187715,0.00187696,0.00168929,0.000213433
0.0961254,0.00186053,0.00186034,0.00167433,0.000211123
0.0970821,0.00184422,0.00184403,0.00165965,0.000208857
0.0980483,0.00182823,0.00182803,0.00164526,0.000206636
0.0990241,0.00181254,0.00181234,0.00163114,0.000204459
0.10001,0.00179715,0.00179696,0.00161729,0.000202324
0.101005,0.00178206,0.00178187,0.00160371,0.000200231
0.10201,0.00176726,0.00176707,0.00159039,0.000198179
0.103026,0.00175275,0.00175256,0.00157733,0.000196168
0.104051,0.00173852,0.00173833,0.00156452,0.000194195
0.105087,0.00172457,0.00172438,0.00155197,0.000192262
0.106132,0.0017109,0.0017107,0.00153966,0.000190366
0.107189,0.00169749,0.00169729,0.00152759,0.000188508
0.108256,0.00168434,0.00168414,0.00151576,0.000186686
0.109333,0.00167146,0.00167125,0.00150416,0.0001849
0.110421,0.00165883,0.00165862,0.00149279,0.000183149
0.11152,0.00164645,0.00164624,0.00148165,0.000181432
0.11263,0.00163432,0.00163411,0.00147073,0.000179749
0.113751,0.00162243,0.00162222,0.00146003,0.000178099
0.114883,0.00161078,0.00161057,0.00144954,0.000176481
0.116027,0.00159936,0.00159916,0.00143927,0.000174895
0.117181,0.00158818,0.00158797,0.00142921,0.00017334
0.118348,0.00157723,0.00157701,0.00141934,0.000171815
0.119526,0.00156649,0.00156628,0.00140969,0.000170321
0.120715,0.00155598,0.00155577,0.00140022,0.000168855
0.121917,0.00154569,0.00154547,0.00139096,0.000167419
0.12313,0.0015356,0.00153539,0.00138188,0.000166011
0.124355,0.00152573,0.00152551,0.00137299,0.00016463
0.125593,0.00151606,0.00151584,0.00136429,0.000163276
0.126843,0.0015066,0.00150638,0.00135577,0.000161949
0.128106,0.00149733,0.00149711,0.00134743,0.000160648
0.129381,0.00148826,0.00148804,0.00133927,0.000159373
0.130668,0.00147938,0.00147916,0.00133127,0.000158122
0.131969,0.00147069,0.00147046,0.00132345,0.000156896
0.133282,0.00146219,0.00146196,0.0013158,0.000155694
0.134609,0.00145387,0.00145364,0.00130831,0.000154516
0.135948,0.00144572,0.0014455,0.00130098,0.00015336
0.137301,0.00143776,0.00143753,0.00129381,0.000152228
0.138668,0.00142997,0.00142974,0.0012868,0.000151117
0.140048,0.00142235,0.00142212,0.00127994,0.000150029
0.141442,0.0014149,0.00141467,0.00127323,0.000148961
0.14285,0.00140761,0.00140738,0.00126668,0.000147915
0.144271,0.00140049,0.00140025,0.00126026,0.000146889
0.145707,0.00139353,0.00139329,0.001254,0.000145884
0.147157,0.00138672,0.00138648,0.00124787,0.000144898
0.148622,0.00138007,0.00137983,0.00124188,0.000143931
0.150101,0.00137357,0.00137333,0.00123603,0.000142983
0.151595,0.00136722,0.00136698,0.00123031,0.000142054
0.153104,0.00136102,0.00136077,0.00122473,0.000141143
0.154628,0.00135496,0.00135471,0.00121928,0.00014025
0.156167,0.00134904,0.00134879,0.00121395,0.000139375
0.157721,0.00134327,0.00134301,0.00120875,0.000138516
0.159291,0.00133763,0.00133737,0.00120367,0.000137675
0.160876,0.00133212,0.00133186,0.00119872,0.00013685
0.162477,0.00132675,0.00132649,0.00119388,0.000136041
0.164094,0.00132151,0.00132125,0.00118916,0.000135248
0.165728,0.00131639,0.00131613,0.00118456,0.000134471
0.167377,0.00131141,0.00131114,0.00118007,0.000133709
0.169043,0.00130654,0.00130628,0.00117569,0.000132961
0.170725,0.0013018,0.00130153,0.00117142,0.000132229
0.172424,0.00129718,0.00129691,0.00116726,0.000131511
0.17414,0.00129268,0.0012924,0.0011632,0.000130807
0.175874,0.00128829,0.00128801,0.00115925,0.000130116
0.177624,0.00128401,0.00128374,0.00115541,0.00012944
0.179392,0.00127985,0.00127957,0.00115166,0.000128776
0.181177,0.0012758,0.00127552,0.00114801,0.000128126
0.182981,0.00127185,0.00127157,0.00114446,0.000127488
0.184802,0.00126802,0.00126773,0.001141,0.000126863
0.186641,0.00126428,0.001264,0.00113764,0.00012625
0.188499,0.00126065,0.00126036,0.00113437,0.000125649
0.190375,0.00125712,0.00125683,0.00113119,0.00012506
0.192269,0.00125369,0.0012534,0.0011281,0.000124482
0.194183,0.00125036,0.00125007,0.0011251,0.000123916
0.196116,0.00124712,0.00124683,0.00112219,0.000123361
0.198067,0.00124398,0.00124368,0.00111936,0.000122816
0.200039,0.00124093,0.00124063,0.00111661,0.000122283
0.20203,0.00123797,0.00123767,0.00111395,0.00012176
0.20404,0.0012351,0.0012348,0.00111136,0.000121247
0.206071,0.00123232,0.00123202,0.00110886,0.000120744
0.208122,0.00122963,0.00122932,0.00110643,0.000120251
0.210194,0.00122702,0.00122671,0.00110408,0.000119768
0.212286,0.0012245,0.00122418,0.00110181,0.000119294
0.214398,0.00122205,0.00122173,0.00109961,0.00011883
0.216532,0.00121969,0.00121937,0.00109748,0.000118374
0.218687,0.00121741,0.00121708,0.00109542,0.000117928
0.220864,0.0012152,0.00121488,0.00109344,0.00011749
0.223062,0.00121307,0.00121275,0.00109152,0.000117061
0.225282,0.00121102,0.00121069,0.00108967,0.00011664
0.227524,0.00120904,0.00120871,0.00108789,0.000116228
0.229789,0.00120714,0.0012068,0.00108617,0.000115823
0.232076,0.0012053,0.00120496,0.00108452,0.000115427
0.234385,0.00120354,0.0012032,0.00108293,0.000115038
0.236718,0.00120185,0.0012015,0.0010814,0.000114657
0.239074,0.00120022,0.00119987,0.00107994,0.000114284
0.241454,0.00119866,0.00119831,0.00107853,0.000113917
0.243857,0.00119717,0.00119681,0.00107718,0.000113558
0.246284,0.00119574,0.00119538,0.0010759,0.000113206
0.248735,0.00119437,0.00119401,0.00107466,0.000112861
0.251211,0.00119307,0.00119271,0.00107349,0.000112523
0.253711,0.00119183,0.00119146,0.00107237,0.000112191
0.256236,0.00119064,0.00119028,0.0010713,0.000111866
0.258786,0.00118952,0.00118915,0.00107029,0.000111547
0.261362,0.00118846,0.00118808,0.00106933,0.000111234
0.263963,0.00118745,0.00118707,0.00106842,0.000110928
0.26659,0.0011865,0.00118612,0.00106756,0.000110628
0.269243,0.0011856,0.00118522,0.00106675,0.000110333
0.271923,0.00118476,0.00118437,0.00106599,0.000110044
0.274629,0.00118397,0.00118358,0.00106528,0.000109761
0.277363,0.00118324,0.00118284,0.00106462,0.000109484
0.280123,0.00118255,0.00118216,0.001064,0.000109212
0.282911,0.00118192,0.00118152,0.00106343,0.000108945
0.285727,0.00118134,0.00118093,0.0010629,0.000108683
0.288571,0.0011808,0.00118039,0.00106242,0.000108427
0.291443,0.00118032,0.0011799,0.00106198,0.000108175
0.294343,0.00117988,0.00117946,0.00106158,0.000107929
0.297273,0.00117948,0.00117906,0.00106122,0.000107687
0.300232,0.00117914,0.00117871,0.00106091,0.000107451
0.30322,0.00117883,0.00117841,0.00106063,0.000107218
0.306238,0.00117858,0.00117814,0.0010604,0.000106991
0.309285,0.00117836,0.00117793,0.0010602,0.000106767
0.312364,0.00117819,0.00117775,0.00106004,0.000106549
0.315473,0.00117806,0.00117761,0.00105992,0.000106334
0.318612,0.00117797,0.00117752,0.00105984,0.000106124
0.321783,0.00117792,0.00117747,0.00105979,0.000105917
0.324986,0.00117791,0.00117745,0.00105978,0.000105715
0.328221,0.00117794,0.00117748,0.0010598,0.000105517
0.331487,0.00117801,0.00117754,0.00105986,0.000105323
0.334786,0.00117811,0.00117764,0.00105995,0.000105132
0.338118,0.00117825,0.00117778,0.00106007,0.000104946
0.341484,0.00117843,0.00117796,0.00106023,0.000104762
0.344882,0.00117865,0.00117817,0.00106042,0.000104583
0.348315,0.0011789,0.00117841,0.00106064,0.000104407
0.351781,0.00117918,0.00117869,0.00106089,0.000104234
0.355283,0.0011795,0.001179,0.00106118,0.000104065
0.358819,0.00117985,0.00117935,0.00106149,0.000103899
0.36239,0.00118023,0.00117973,0.00106183,0.000103737
0.365997,0.00118065,0.00118014,0.0010622,0.000103577
0.369639,0.00118109,0.00118058,0.0010626,0.000103421
0.373318,0.00118157,0.00118106,0.00106303,0.000103268
0.377034,0.00118208,0.00118156,0.00106348,0.000103118
0.380786,0.00118262,0.00118209,0.00106396,0.00010297
0.384576,0.00118319,0.00118266,0.00106447,0.000102826
0.388404,0.00118379,0.00118325,0.00106501,0.000102685
0.392269,0.00118441,0.00118387,0.00106556,0.000102546
0.396173,0.00118506,0.00118452,0.00106615,0.00010241
0.400116,0.00118575,0.00118519,0.00106676,0.000102276
0.404099,0.00118645,0.0011859,0.00106739,0.000102146
0.40812,0.00118719,0.00118663,0.00106805,0.000102017
0.412182,0.00118795,0.00118738,0.00106873,0.000101892
0.416285,0.00118873,0.00118816,0.00106943,0.000101769
0.420428,0.00118954,0.00118897,0.00107016,0.000101648
0.424612,0.00119038,0.0011898,0.0010709,0.000101529
0.428838,0.00119124,0.00119065,0.00107167,0.000101413
0.433106,0.00119212,0.00119153,0.00107246,0.000101299
0.437417,0.00119303,0.00119243,0.00107328,0.000101188
0.44177,0.00119396,0.00119335,0.00107411,0.000101078
0.446167,0.00119491,0.0011943,0.00107496,0.000100971
0.450608,0.00119589,0.00119527,0.00107583,0.000100866
0.455093,0.00119688,0.00119626,0.00107673,0.000100763
0.459622,0.0011979,0.00119727,0.00107764,0.000100662
0.464196,0.00119894,0.0011983,0.00107857,0.000100563
0.468816,0.0012,0.00119936,0.00107952,0.000100466
0.473482,0.00120108,0.00120043,0.00108048,0.00010037
0.478195,0.00120218,0.00120152,0.00108147,0.000100277
0.482954,0.00120329,0.00120264,0.00108247,0.000100185
0.487761,0.00120443,0.00120377,0.00108349,0.000100096
0.492615,0.00120559,0.00120492,0.00108453,0.000100008
0.497518,0.00120677,0.00120609,0.00108558,9.99215e-05
0.50247,0.00120796,0.00120728,0.00108665,9.98369e-05
0.507471,0.00120917,0.00120848,0.00108774,9.9754e-05
0.512521,0.0012104,0.0012097,0.00108884,9.96727e-05
0.517622,0.00121165,0.00121094,0.00108995,9.9593e-05
0.522774,0.00121291,0.0012122,0.00109109,9.95149e-05
0.527977,0.00121419,0.00121347,0.00109223,9.94383e-05
0.533232,0.00121549,0.00121476,0.0010934,9.93632e-05
0.538539,0.0012168,0.00121607,0.00109457,9.92896e-05
0.543899,0.00121813,0.00121739,0.00109576,9.92174e-05
0.549312,0.00121947,0.00121873,0.00109697,9.91466e-05
0.554779,0.00122083,0.00122008,0.00109818,9.90773e-05
0.560301,0.0012222,0.00122144,0.00109941,9.90092e-05
0.565877,0.00122359,0.00122283,0.00110066,9.89426e-05
0.571509,0.001225,0.00122422,0.00110192,9.88772e-05
0.577197,0.00122641,0.00122563,0.00110319,9.88131e-05
0.582942,0.00122784,0.00122705,0.00110447,9.87503e-05
0.588744,0.00122929,0.00122849,0.00110576,9.86887e-05
0.594604,0.00123075,0.00122994,0.00110707,9.86283e-05
0.600521,0.00123222,0.00123141,0.00110839,9.85691e-05
0.606498,0.0012337,0.00123288,0.00110972,9.8511e-05
0.612535,0.0012352,0.00123437,0.00111106,9.84541e-05
0.618631,0.00123671,0.00123587,0.00111241,9.83983e-05
0.624788,0.00123823,0.00123739,0.00111377,9.83436e-05
0.631006,0.00123976,0.00123891,0.00111515,9.829e-05
0.637286,0.00124131,0.00124045,0.00111653,9.82374e-05
0.643629,0.00124286,0.001242,0.00111793,9.81859e-05
0.650035,0.00124443,0.00124356,0.00111933,9.81354e-05
0.656505,0.00124601,0.00124513,0.00112075,9.80858e-05
0.663039,0.0012476,0.00124671,0.00112217,9.80372e-05
0.669638,0.0012492,0.0012483,0.00112361,9.79896e-05
0.676302,0.00125082,0.00124991,0.00112505,9.79429e-05
0.683033,0.00125244,0.00125152,0.00112651,9.78972e-05
0.689831,0.00125407,0.00125314,0.00112797,9.78523e-05
0.696697,0.00125571,0.00125478,0.00112944,9.78083e-05
0.703631,0.00125737,0.00125642,0.00113092,9.77652e-05
0.710634,0.00125903,0.00125807,0.00113241,9.77229e-05
0.717707,0.0012607,0.00125973,0.00113391,9.76815e-05
0.72485,0.00126238,0.00126141,0.00113541,9.76408e-05
0.732064,0.00126407,0.00126309,0.00113692,9.7601e-05
0.73935,0.00126577,0.00126477,0.00113845,9.75619e-05
0.746709,0.00126748,0.00126647,0.00113998,9.75236e-05
0.75414,0.00126919,0.00126818,0.00114151,9.74861e-05
0.761646,0.00127092,0.00126989,0.00114306,9.74493e-05
0.769227,0.00127265,0.00127162,0.00114461,9.74132e-05
0.776882,0.00127439,0.00127335,0.00114617,9.73778e-05
0.784615,0.00127614,0.00127509,0.00114774,9.73431e-05
0.792424,0.0012779,0.00127683,0.00114931,9.73091e-05
0.80031,0.00127966,0.00127859,0.00115089,9.72758e-05
0.808276,0.00128143,0.00128035,0.00115248,9.72431e-05
0.81632,0.00128321,0.00128212,0.00115407,9.72111e-05
0.824445,0.001285,0.0012839,0.00115567,9.71796e-05
0.83265,0.0012868,0.00128568,0.00115728,9.71488e-05
0.840937,0.0012886,0.00128747,0.00115889,9.71187e-05
0.849307,0.00129041,0.00128927,0.00116051,9.70891e-05
0.85776,0.00129222,0.00129107,0.00116214,9.706e-05
0.866297,0.00129404,0.00129288,0.00116377,9.70316e-05
0.874919,0.00129587,0.0012947,0.0011654,9.70037e-05
0.883626,0.0012977,0.00129652,0.00116705,9.69763e-05
0.892421,0.00129955,0.00129835,0.00116869,9.69495e-05
0.901303,0.00130139,0.00130019,0.00117035,9.69233e-05
0.910273,0.00130325,0.00130203,0.00117201,9.68975e-05
0.919333,0.0013051,0.00130387,0.00117367,9.68722e-05
0.928483,0.00130697,0.00130573,0.00117534,9.68475e-05
0.937724,0.00130884,0.00130758,0.00117701,9.68232e-05
0.947057,0.00131072,0.00130945,0.00117869,9.67994e-05
0.956482,0.0013126,0.00131132,0.00118038,9.6776e-05
0.966002,0.00131448,0.00131319,0.00118207,9.67532e-05
0.975616,0.00131638,0.00131507,0.00118376,9.67307e-05
0.985326,0.00131827,0.00131696,0.00118546,9.67087e-05
0.995133,0.00132018,0.00131885,0.00118716,9.66872e-05
1.00504,0.00132208,0.00132074,0.00118887,9.6666e-05
1.01504,0.001324,0.00132264,0.00119058,9.66453e-05
1.02514,0.00132591,0.00132454,0.00119229,9.6625e-05
1.03535,0.00132784,0.00132645,0.00119401,9.66051e-05
1.04565,0.00132976,0.00132836,0.00119574,9.65855e-05
1.05606,0.00133169,0.00133028,0.00119746,9.65664e-05
1.06657,0.00132026,0.00131884,0.00118717,9.65476e-05
1.07718,0.00132108,0.00131964,0.00118789,9.65292e-05
1.0879,0.0013219,0.00132045,0.00118862,9.65112e-05
1.09873,0.00132273,0.00132126,0.00118935,9.64935e-05
1.10967,0.00132356,0.00132207,0.00119009,9.64761e-05
1.12071,0.00132439,0.00132289,0.00119083,9.64592e-05
1.13186,0.00132523,0.00132372,0.00119157,9.64425e-05
1.14313,0.00132607,0.00132455,0.00119232,9.64261e-05
1.15451,0.00132692,0.00132538,0.00119307,9.64101e-05
1.166,0.00132777,0.00132621,0.00119383,9.63944e-05
1.1776,0.00132863,0.00132705,0.00119458,9.6379e-05
1.18932,0.00132949,0.0013279,0.00119535,9.63639e-05
1.20116,0.00133035,0.00132874,0.00119611,9.63491e-05
1.21311,0.00133122,0.0013296,0.00119688,9.63346e-05
1.22519,0.00133209,0.00133045,0.00119765,9.63204e-05
1.23738,0.00133296,0.00133131,0.00119842,9.63064e-05
1.2497,0.00133384,0.00133217,0.0011992,9.62928e-05
1.26213,0.00133472,0.00133303,0.00119998,9.62794e-05
1.2747,0.0013356,0.0013339,0.00120076,9.62662e-05
1.28738,0.00133649,0.00133477,0.00120155,9.62533e-05
1.3002,0.00133738,0.00133564,0.00120234,9.62407e-05
1.31314,0.00133827,0.00133652,0.00120313,9.62283e-05
1.32621,0.00133917,0.0013374,0.00120392,9.62162e-05
1.33941,0.00134007,0.00133828,0.00120472,9.62043e-05
1.35274,0.00134097,0.00133916,0.00120552,9.61926e-05
1.3662,0.00134187,0.00134005,0.00120632,9.61812e-05
1.3798,0.00134278,0.00134094,0.00120712,9.617e-05
1.39353,0.00134369,0.00134183,0.00120793,9.6159e-05
1.4074,0.0013446,0.00134273,0.00120873,9.61482e-05
1.42141,0.00134552,0.00134362,0.00120955,9.61376e-05
1.43555,0.00134644,0.00134452,0.00121036,9.61273e-05
1.44984,0.00134736,0.00134542,0.00121117,9.61171e-05
1.46427,0.00134828,0.00134633,0.00121199,9.61071e-05
1.47884,0.00134921,0.00134723,0.00121281,9.60974e-05
1.49356,0.00135013,0.00134814,0.00121363,9.60878e-05
1.50843,0.00135106,0.00134905,0.00121445,9.60784e-05
1.52344,0.001352,0.00134996,0.00121527,9.60692e-05
1.5386,0.00135293,0.00135088,0.0012161,9.60602e-05
1.55392,0.00135387,0.00135179,0.00121693,9.60514e-05
1.56938,0.00135481,0.00135271,0.00121776,9.60427e-05
1.585,0.00135575,0.00135363,0.00121859,9.60342e-05
1.60078,0.00135669,0.00135455,0.00121942,9.60259e-05
1.61671,0.00135763,0.00135548,0.00122025,9.60177e-05
1.6328,0.00135858,0.0013564,0.00122109,9.60097e-05
1.64905,0.00135953,0.00135733,0.00122192,9.60018e-05
1.66546,0.00136048,0.00135826,0.00122276,9.59941e-05
1.68204,0.00136143,0.00135918,0.0012236,9.59866e-05
1.69878,0.00136238,0.00136012,0.00122444,9.59792e-05
1.71569,0.00136334,0.00136105,0.00122529,9.59719e-05
1.73276,0.00136429,0.00136198,0.00122613,9.59648e-05
1.75001,0.00136525,0.00136292,0.00122698,9.59579e-05
1.76742,0.00136621,0.00136385,0.00122782,9.5951e-05
1.78501,0.00136717,0.00136479,0.00122867,9.59443e-05
1.80278,0.00136813,0.00136573,0.00122952,9.59378e-05
1.82072,0.0013691,0.00136667,0.00123037,9.59313e-05
1.83884,0.00137006,0.00136761,0.00123122,9.5925e-05
1.85715,0.00137103,0.00136855,0.00123207,9.59188e-05
1.87563,0.001372,0.0013695,0.00123292,9.59127e-05
1.8943,0.00137297,0.00137044,0.00123377,9.59068e-05
1.91315,0.00137394,0.00137139,0.00123463,9.5901e-05
1.93219,0.00137491,0.00137233,0.00123548,9.58952e-05
1.95142,0.00137588,0.00137328,0.00123634,9.58896e-05
1.97084,0.00137685,0.00137423,0.0012372,9.58841e-05
1.99046,0.00137783,0.00137518,0.00123806,9.58787e-05
2.01027,0.0013788,0.00137612,0.00123891,9.58735e-05
2.03028,0.00137978,0.00137708,0.00123977,9.58683e-05
2.05048,0.00138076,0.00137803,0.00124063,9.58632e-05
2.07089,0.00138174,0.00137898,0.00124149,9.58582e-05
2.0915,0.00138272,0.00137993,0.00124236,9.58533e-05
2.11232,0.0013837,0.00138088,0.00124322,9.58486e-05
2.13334,0.00138468,0.00138184,0.00124408,9.58439e-05
2.15457,0.00138566,0.00138279,0.00124494,9.58393e-05
2.17602,0.00138665,0.00138375,0.00124581,9.58348e-05
2.19767,0.00138763,0.0013847,0.00124667,9.58303e-05
2.21955,0.00138861,0.00138566,0.00124754,9.5826e-05
2.24164,0.0013896,0.00138661,0.0012484,9.58218e-05
2.26395,0.00139059,0.00138757,0.00124927,9.58176e-05
2.28648,0.00139157,0.00138853,0.00125013,9.58135e-05
2.30924,0.00139256,0.00138949,0.001251,9.58095e-05
2.33222,0.00139355,0.00139044,0.00125186,9.58056e-05
2.35543,0.00139454,0.0013914,0.00125273,9.58017e-05
2.37888,0.00139553,0.00139236,0.0012536,9.5798e-05
2.40255,0.00139652,0.00139332,0.00125447,9.57943e-05
2.42646,0.00139751,0.00139428,0.00125533,9.57906e-05
2.45061,0.0013985,0.00139524,0.0012562,9.57871e-05
2.475,0.00139949,0.0013962,0.00125707,9.57836e-05
2.49964,0.00140048,0.00139716,0.00125794,9.57802e-05
2.52451,0.00140148,0.00139812,0.00125881,9.57768e-05
2.54964,0.00140247,0.00139908,0.00125968,9.57735e-05
2.57502,0.00140346,0.00140003,0.00126055,9.57703e-05
2.60064,0.00140446,0.00140099,0.00126141,9.57672e-05
2.62653,0.00140545,0.00140195,0.00126228,9.57641e-05
2.65267,0.00140645,0.00140291,0.00126315,9.5761e-05
2.67907,0.00140744,0.00140388,0.00126402,9.57581e-05
2.70573,0.00140844,0.00140484,0.00126489,9.57551e-05
2.73266,0.00140943,0.0014058,0.00126576,9.57523e-05
2.75986,0.00141043,0.00140676,0.00126663,9.57495e-05
2.78733,0.00141143,0.00140772,0.0012675,9.57467e-05
2.81507,0.00141242,0.00140867,0.00126837,9.5744e-05
2.84309,0.00141342,0.00140963,0.00126924,9.57414e-05
2.87138,0.00141442,0.00141059,0.00127011,9.57388e-05
2.89996,0.00141542,0.00141155,0.00127098,9.57363e-05
2.92882,0.00141641,0.00141251,0.00127185,9.57338e-05
2.95797,0.00141741,0.00141347,0.00127272,9.57313e-05
2.98741,0.00141841,0.00141443,0.00127358,9.57289e-05
3.01715,0.00141941,0.00141539,0.00127445,9.57266e-05
3.04718,0.00142041,0.00141635,0.00127532,9.57243e-05
3.0775,0.0014214,0.00141731,0.00127619,9.5722e-05
3.10813,0.0014224,0.00141826,0.00127706,9.57198e-05
3.13907,0.0014234,0.00141922,0.00127793,9.57177e-05
3.17031,0.0014244,0.00142018,0.00127879,9.57155e-05
3.20186,0.0014254,0.00142113,0.00127966,9.57135e-05
3.23373,0.0014264,0.00142209,0.00128053,9.57114e-05
3.26591,0.0014274,0.00142305,0.00128139,9.57094e-05
3.29842,0.00142839,0.001424,0.00128226,9.57074e-05
3.33125,0.00142939,0.00142496,0.00128313,9.57055e-05
3.3644,0.00143039,0.00142591,0.00128399,9.57036e-05
3.39789,0.00143139,0.00142687,0.00128486,9.57018e-05
3.4317,0.00143239,0.00142782,0.00128572,9.57e-05
3.46586,0.00143339,0.00142877,0.00128659,9.56982e-05
3.50035,0.00143439,0.00142973,0.00128745,9.56965e-05
3.53519,0.00143539,0.00143068,0.00128832,9.56947e-05
3.57038,0.00143639,0.00143163,0.00128918,9.56931e-05
3.60591,0.00143738,0.00143258,0.00129005,9.56914e-05
3.6418,0.00143838,0.00143353,0.00129091,9.56898e-05
3.67804,0.00143938,0.00143448,0.00129177,9.56883e-05
3.71465,0.00144038,0.00143543,0.00129263,9.56867e-05
3.75162,0.00144138,0.00143638,0.00129349,9.56852e-05
3.78896,0.00144238,0.00143733,0.00129436,9.56837e-05
3.82667,0.00144338,0.00143828,0.00129522,9.56822e-05
3.86476,0.00144437,0.00143923,0.00129608,9.56808e-05
3.90322,0.00144537,0.00144017,0.00129694,9.56794e-05
3.94207,0.00144637,0.00144112,0.0012978,9.5678e-05
3.9813,0.00144737,0.00144207,0.00129865,9.56767e-05
4.02093,0.00144836,0.00144301,0.00129951,9.56754e-05
4.06095,0.00144936,0.00144395,0.00130037,9.56741e-05
4.10136,0.00145036,0.0014449,0.00130123,9.56728e-05
4.14218,0.00145135,0.00144584,0.00130208,9.56716e-05
4.18341,0.00145235,0.00144678,0.00130294,9.56703e-05
4.22505,0.00145335,0.00144772,0.00130379,9.56691e-05
4.2671,0.00145434,0.00144866,0.00130465,9.5668e-05
4.30957,0.00145534,0.0014496,0.0013055,9.56668e-05
4.35246,0.00145634,0.00145054,0.00130636,9.56657e-05
4.39578,0.00145733,0.00145148,0.00130721,9.56646e-05
4.43953,0.00145833,0.00145242,0.00130806,9.56635e-05
4.48371,0.00145932,0.00145335,0.00130891,9.56624e-05
4.52834,0.00146032,0.00145429,0.00130976,9.56614e-05
4.57341,0.00146131,0.00145522,0.00131061,9.56604e-05
4.61892,0.00146231,0.00145616,0.00131146,9.56594e-05
4.66489,0.0014633,0.00145709,0.00131231,9.56584e-05
4.71132,0.00146429,0.00145802,0.00131316,9.56574e-05
4.75821,0.00146529,0.00145895,0.00131401,9.56565e-05
4.80557,0.00146628,0.00145988,0.00131486,9.56556e-05
4.8534,0.00146728,0.00146081,0.0013157,9.56547e-05
4.9017,0.00146827,0.00146174,0.00131655,9.56538e-05
4.95049,0.00146926,0.00146267,0.00131739,9.56529e-05
4.99976,0.00147025,0.0014636,0.00131824,9.5652e-05
5.04952,0.00147125,0.00146452,0.00131908,9.56512e-05
5.09977,0.00147224,0.00146545,0.00131992,9.56504e-05
5.15053,0.00147323,0.00146637,0.00132076,9.56496e-05
5.20179,0.00147422,0.0014673,0.0013216,9.56488e-05
5.25356,0.00147521,0.00146822,0.00132244,9.5648e-05
5.30585,0.0014762,0.00146914,0.00132328,9.56472e-05
5.35866,0.00147719,0.00147006,0.00132412,9.56465e-05
5.41199,0.00147818,0.00147098,0.00132496,9.56458e-05
5.46586,0.00147917,0.0014719,0.0013258,9.56451e-05
5.52026,0.00148016,0.00147281,0.00132663,9.56444e-05
5.5752,0.00148115,0.00147373,0.00132747,9.56437e-05
5.63069,0.00148214,0.00147464,0.0013283,9.5643e-05
5.68673,0.00148313,0.00147556,0.00132914,9.56423e-05
5.74332,0.00148412,0.00147647,0.00132997,9.56417e-05
5.80049,0.0014851,0.00147738,0.0013308,9.56411e-05
5.85822,0.00148609,0.00147829,0.00133163,9.56404e-05
5.91652,0.00148708,0.0014792,0.00133246,9.56398e-05
5.97541,0.00148807,0.00148011,0.00133329,9.56392e-05
6.03488,0.00148905,0.00148102,0.00133412,9.56386e-05
6.09494,0.00149004,0.00148193,0.00133495,9.56381e-05
6.1556,0.00149103,0.00148283,0.00133578,9.56375e-05
6.21687,0.00149201,0.00148374,0.0013366,9.5637e-05
6.27874,0.001493,0.00148464,0.00133743,9.56364e-05
6.34123,0.00149398,0.00148554,0.00133825,9.56359e-05
6.40434,0.00149497,0.00148644,0.00133908,9.56354e-05
6.46809,0.00149595,0.00148734,0.0013399,9.56349e-05
6.53246,0.00149694,0.00148824,0.00134072,9.56344e-05
6.59748,0.00149792,0.00148914,0.00134154,9.56339e-05
6.66314,0.00149891,0.00149004,0.00134236,9.56334e-05
6.72945,0.00149989,0.00149093,0.00134318,9.56329e-05
6.79643,0.00150087,0.00149183,0.001344,9.56324e-05
6.86407,0.00150186,0.00149272,0.00134482,9.5632e-05
6.93239,0.00150284,0.00149361,0.00134563,9.56316e-05
7.00139,0.00150382,0.0014945,0.00134645,9.56311e-05
7.07107,0.0015048,0.00149539,0.00134726,9.56307e-05
7.14144,0.00150578,0.00149628,0.00134808,9.56303e-05
7.21252,0.00150677,0.00149717,0.00134889,9.56299e-05
7.2843,0.00150775,0.00149805,0.0013497,9.56295e-05
7.3568,0.00150873,0.00149894,0.00135051,9.56291e-05
7.43002,0.00150971,0.00149982,0.00135132,9.56287e-05
7.50397,0.00151069,0.0015007,0.00135213,9.56283e-05
7.57866,0.00151167,0.00150158,0.00135294,9.56279e-05
7.65408,0.00151265,0.00150246,0.00135375,9.56276e-05
7.73026,0.00151363,0.00150334,0.00135455,9.56272e-05
7.8072,0.00151461,0.00150422,0.00135536,9.56268e-05
7.8849,0.00151559,0.0015051,0.00135616,9.56265e-05
7.96338,0.00151657,0.00150597,0.00135696,9.56262e-05
8.04264,0.00151836,0.00150685,0.00135789,9.56258e-05
8.12268,0.00151965,0.00150772,0.00135874,9.56255e-05
8.20352,0.00152094,0.00150859,0.00135958,9.56252e-05
8.28517,0.00152224,0.00150946,0.00136043,9.56249e-05
8.36763,0.00152354,0.00151033,0.00136128,9.56246e-05
8.45091,0.00152484,0.0015112,0.00136212,9.56243e-05
8.53502,0.00152614,0.00151206,0.00136297,9.5624e-05
8.61997,0.00152745,0.00151293,0.00136381,9.56237e-05
8.70576,0.00152876,0.00151379,0.00136466,9.56234e-05
8.7924,0.00153008,0.00151465,0.0013655,9.56231e-05
8.87991,0.0015314,0.00151551,0.00136634,9.56229e-05
8.96829,0.00153272,0.00151637,0.00136719,9.56226e-05
9.05755,0.00153404,0.00151723,0.00136803,9.56224e-05
9.1477,0.00153537,0.00151809,0.00136887,9.56221e-05
9.23874,0.0015367,0.00151895,0.00136971,9.56218e-05
9.33069,0.00153804,0.0015198,0.00137056,9.56216e-05
9.42356,0.00153938,0.00152065,0.0013714,9.56214e-05
9.51735,0.00154072,0.00152151,0.00137224,9.56211e-05
9.61207,0.00154207,0.00152236,0.00137308,9.56209e-05
9.70774,0.00154341,0.00152321,0.00137392,9.56207e-05
9.80435,0.00154477,0.00152405,0.00137476,9.56204e-05
9.90193,0.00154612,0.0015249,0.00137559,9.56202e-05
10.0005,0.00154749,0.00152575,0.00137643,9.562e-05
10.1,0.00154885,0.00152659,0.00137727,9.56198e-05
10.2005,0.00155022,0.00152743,0.00137811,9.56196e-05
10.3021,0.00155159,0.00152828,0.00137895,9.56194e-05
10.4046,0.00155297,0.00152912,0.00137978,9.56192e-05
10.5081,0.00155435,0.00152995,0.00138062,9.5619e-05
10.6127,0.00155573,0.00153079,0.00138145,9.56188e-05
10.7184,0.00155712,0.00153163,0.00138229,9.56186e-05
10.825,0.00155851,0.00153246,0.00138313,9.56184e-05
10.9328,0.00155991,0.0015333,0.00138396,9.56183e-05
11.0416,0.00156131,0.00153413,0.00138479,9.56181e-05
11.1515,0.00156272,0.00153496,0.00138563,9.56179e-05
11.2625,0.00156413,0.00153579,0.00138646,9.56178e-05
11.3746,0.00156554,0.00153662,0.0013873,9.56176e-05
11.4878,0.00156696,0.00153745,0.00138813,9.56174e-05
11.6021,0.00156839,0.00153827,0.00138896,9.56173e-05
11.7176,0.00156982,0.0015391,0.00138979,9.56171e-05
11.8342,0.00157125,0.00153992,0.00139063,9.5617e-05
11.952,0.00157269,0.00154074,0.00139146,9.56168e-05
12.0709,0.00157413,0.00154156,0.00139229,9.56167e-05
12.1911,0.00157558,0.00154238,0.00139312,9.56165e-05
12.3124,0.00157703,0.0015432,0.00139395,9.56164e-05
12.4349,0.00157849,0.00154402,0.00139478,9.56162e-05
12.5587,0.00157995,0.00154483,0.00139562,9.56161e-05
12.6837,0.00158142,0.00154564,0.00139645,9.5616e-05
12.8099,0.00158289,0.00154646,0.00139728,9.56158e-05
12.9374,0.00158437,0.00154727,0.00139811,9.56157e-05
13.0662,0.00158585,0.00154808,0.00139894,9.56156e-05
13.1962,0.00158734,0.00154889,0.00139977,9.56155e-05
13.3276,0.00158884,0.00154969,0.0014006,9.56153e-05
13.4602,0.00159034,0.0015505,0.00140143,9.56152e-05
13.5942,0.00159184,0.0015513,0.00140225,9.56151e-05
13.7295,0.00159336,0.00155211,0.00140308,9.5615e-05
13.8661,0.00159487,0.00155291,0.00140391,9.56149e-05
14.0041,0.0015964,0.00155371,0.00140474,9.56148e-05
14.1435,0.00159793,0.00155451,0.00140557,9.56147e-05
14.2843,0.00159946,0.00155531,0.0014064,9.56146e-05
14.4264,0.001601,0.0015561,0.00140723,9.56145e-05
14.57,0.00160255,0.0015569,0.00140806,9.56144e-05
14.715,0.0016041,0.00155769,0.00140888,9.56143e-05
14.8615,0.00160566,0.00155848,0.00140971,9.56142e-05
15.0094,0.00160723,0.00155928,0.00141054,9.56141e-05
15.1588,0.0016088,0.00156007,0.00141137,9.5614e-05
15.3097,0.00161038,0.00156085,0.0014122,9.56139e-05
15.462,0.00161197,0.00156164,0.00141303,9.56138e-05
15.6159,0.00161356,0.00156243,0.00141386,9.56137e-05
15.7713,0.00161516,0.00156321,0.00141468,9.56136e-05
15.9283,0.00161677,0.001564,0.00141551,9.56135e-05
16.0868,0.00161838,0.00156478,0.00141634,9.56135e-05
16.2469,0.00162,0.00156556,0.00141717,9.56134e-05
16.4086,0.00162163,0.00156634,0.001418,9.56133e-05
16.5719,0.00162326,0.00156712,0.00141883,9.56132e-05
16.7369,0.0016249,0.00156789,0.00141966,9.56131e-05
16.9035,0.00162655,0.00156867,0.00142049,9.56131e-05
17.0717,0.00162821,0.00156944,0.00142131,9.5613e-05
17.2416,0.00162988,0.00157022,0.00142214,9.56129e-05
17.4132,0.00163155,0.00157099,0.00142297,9.56129e-05
17.5865,0.00163323,0.00157176,0.0014238,9.56128e-05
17.7615,0.00163491,0.00157253,0.00142463,9.56127e-05
17.9383,0.00163661,0.0015733,0.00142546,9.56127e-05
18.1169,0.00163831,0.00157406,0.00142629,9.56126e-05
18.2972,0.00164002,0.00157483,0.00142712,9.56125e-05
18.4793,0.00164174,0.00157559,0.00142796,9.56125e-05
18.6632,0.00164347,0.00157636,0.00142879,9.56124e-05
18.8489,0.00164521,0.00157712,0.00142962,9.56123e-05
19.0365,0.00164695,0.00157788,0.00143045,9.56123e-05
19.226,0.00164871,0.00157864,0.00143128,9.56122e-05
19.4174,0.00165047,0.00157939,0.00143212,9.56122e-05
19.6106,0.00165224,0.00158015,0.00143295,9.56121e-05
19.8058,0.00165402,0.00158091,0.00143378,9.56121e-05
20.0029,0.00165581,0.00158166,0.00143462,9.5612e-05
20.202,0.00165761,0.00158241,0.00143545,9.56119e-05
20.4031,0.00165942,0.00158316,0.00143629,9.56119e-05
20.6061,0.00166124,0.00158391,0.00143712,9.56119e-05
20.8112,0.00166306,0.00158466,0.00143796,9.56118e-05
21.0183,0.0016649,0.00158541,0.00143879,9.56118e-05
21.2275,0.00166675,0.00158616,0.00143963,9.56117e-05
21.4388,0.0016686,0.0015869,0.00144047,9.56117e-05
21.6522,0.00167047,0.00158765,0.00144131,9.56116e-05
21.8677,0.00167234,0.00158839,0.00144214,9.56116e-05
22.0853,0.00167423,0.00158913,0.00144298,9.56115e-05
22.3051,0.00167613,0.00158987,0.00144382,9.56115e-05
22.5271,0.00167803,0.00159061,0.00144466,9.56114e-05
22.7513,0.00167995,0.00159135,0.0014455,9.56114e-05
22.9778,0.00168188,0.00159209,0.00144635,9.56114e-05
23.2064,0.00168382,0.00159282,0.00144719,9.56113e-05
23.4374,0.00168577,0.00159356,0.00144803,9.56113e-05
23.6707,0.00168773,0.00159429,0.00144888,9.56112e-05
23.9063,0.0016897,0.00159502,0.00144972,9.56112e-05
24.1442,0.00169168,0.00159575,0.00145057,9.56112e-05
24.3845,0.00169368,0.00159648,0.00145141,9.56111e-05
24.6272,0.00169568,0.00159721,0.00145226,9.56111e-05
24.8723,0.0016977,0.00159794,0.00145311,9.56111e-05
25.1198,0.00169973,0.00159867,0.00145396,9.5611e-05
25.3698,0.00170177,0.00159939,0.00145481,9.5611e-05
25.6223,0.00170383,0.00160012,0.00145566,9.5611e-05
25.8774,0.00170589,0.00160084,0.00145651,9.56109e-05
26.1349,0.00170797,0.00160156,0.00145737,9.56109e-05
26.395,0.00171006,0.00160228,0.00145822,9.56109e-05
26.6577,0.00171217,0.001603,0.00145908,9.56108e-05
26.923,0.00171428,0.00160372,0.00145993,9.56108e-05
27.191,0.00171641,0.00160444,0.00146079,9.56108e-05
27.4616,0.00171855,0.00160515,0.00146165,9.56108e-05
27.7349,0.00172071,0.00160587,0.00146251,9.56107e-05
28.011,0.00172288,0.00160658,0.00146337,9.56107e-05
28.2898,0.00172506,0.00160729,0.00146423,9.56107e-05
28.5713,0.00172726,0.00160801,0.00146509,9.56107e-05
28.8557,0.00172947,0.00160872,0.00146596,9.56106e-05
29.1429,0.00173169,0.00160943,0.00146682,9.56106e-05
29.4329,0.00173393,0.00161013,0.00146769,9.56106e-05
29.7259,0.00173619,0.00161084,0.00146856,9.56106e-05
30.0217,0.00173845,0.00161155,0.00146943,9.56105e-05
30.3205,0.00174074,0.00161225,0.0014703,9.56105e-05
30.6223,0.00174303,0.00161296,0.00147117,9.56105e-05
30.927,0.00174535,0.00161366,0.00147205,9.56105e-05
31.2349,0.00174767,0.00161436,0.00147292,9.56104e-05
31.5457,0.00175002,0.00161506,0.0014738,9.56104e-05
31.8597,0.00175237,0.00161576,0.00147468,9.56104e-05
32.1768,0.00175475,0.00161646,0.00147556,9.56104e-05
32.497,0.00175714,0.00161716,0.00147644,9.56104e-05
32.8205,0.00175954,0.00161786,0.00147732,9.56103e-05
33.1471,0.00176197,0.00161855,0.00147821,9.56103e-05
33.477,0.00176441,0.00161925,0.0014791,9.56103e-05
33.8102,0.00176686,0.00161994,0.00147998,9.56103e-05
34.1467,0.00176933,0.00162063,0.00148087,9.56103e-05
34.4866,0.00177182,0.00162133,0.00148177,9.56102e-05
34.8298,0.00177433,0.00162202,0.00148266,9.56102e-05
35.1764,0.00177685,0.00162271,0.00148356,9.56102e-05
35.5265,0.00177939,0.00162339,0.00148445,9.56102e-05
35.8801,0.00178195,0.00162408,0.00148535,9.56102e-05
36.2372,0.00178453,0.00162477,0.00148626,9.56102e-05
36.5979,0.00178712,0.00162545,0.00148716,9.56101e-05
36.9621,0.00178974,0.00162614,0.00148807,9.56101e-05
37.33,0.00179237,0.00162682,0.00148897,9.56101e-05
37.7015,0.00179502,0.00162751,0.00148988,9.56101e-05
38.0768,0.00179769,0.00162819,0.00149079,9.56101e-05
38.4557,0.00180038,0.00162887,0.00149171,9.56101e-05
38.8385,0.00180309,0.00162955,0.00149262,9.561e-05
39.225,0.00180581,0.00163023,0.00149354,9.561e-05
39.6154,0.00180856,0.00163091,0.00149446,9.561e-05
40.0097,0.00181133,0.00163158,0.00149539,9.561e-05
40.4079,0.00181412,0.00163226,0.00149631,9.561e-05
40.8101,0.00181693,0.00163294,0.00149724,9.561e-05
41.2162,0.00181976,0.00163361,0.00149817,9.561e-05
41.6264,0.00182261,0.00163428,0.0014991,9.561e-05
42.0407,0.00182548,0.00163496,0.00150004,9.56099e-05
42.4592,0.00182837,0.00163563,0.00150098,9.56099e-05
42.8817,0.00183128,0.0016363,0.00150192,9.56099e-05
43.3085,0.00183422,0.00163697,0.00150286,9.56099e-05
43.7396,0.00183718,0.00163764,0.0015038,9.56099e-05
44.1749,0.00184016,0.00163831,0.00150475,9.56099e-05
44.6146,0.00184316,0.00163897,0.0015057,9.56099e-05
45.0586,0.00184619,0.00163964,0.00150666,9.56099e-05
45.507,0.00184924,0.0016403,0.00150761,9.56099e-05
45.96,0.00185231,0.00164097,0.00150857,9.56098e-05
46.4174,0.00185541,0.00164163,0.00150954,9.56098e-05
46.8794,0.00185853,0.0016423,0.0015105,9.56098e-05
47.3459,0.00186167,0.00164296,0.00151147,9.56098e-05
47.8172,0.00186484,0.00164362,0.00151244,9.56098e-05
48.2931,0.00186804,0.00164428,0.00151342,9.56098e-05
48.7737,0.00187125,0.00164494,0.00151439,9.56098e-05
49.2591,0.0018745,0.0016456,0.00151537,9.56098e-05
49.7494,0.00187777,0.00164626,0.00151636,9.56098e-05
50.2445,0.00188106,0.00164691,0.00151734,9.56098e-05
50.7446,0.00188438,0.00164757,0.00151834,9.56098e-05
51.2497,0.00188773,0.00164823,0.00151933,9.56098e-05
51.7597,0.0018911,0.00164888,0.00152033,9.56097e-05
52.2749,0.0018945,0.00164954,0.00152133,9.56097e-05
52.7952,0.00189793,0.00165019,0.00152233,9.56097e-05
53.3206,0.00190139,0.00165084,0.00152334,9.56097e-05
53.8513,0.00190487,0.00165149,0.00152435,9.56097e-05
54.3873,0.00190838,0.00165214,0.00152537,9.56097e-05
54.9286,0.00191192,0.00165279,0.00152638,9.56097e-05
55.4752,0.00191549,0.00165344,0.00152741,9.56097e-05
56.0274,0.00191909,0.00165409,0.00152843,9.56097e-05
56.585,0.00192272,0.00165474,0.00152946,9.56097e-05
57.1482,0.00192637,0.00165539,0.0015305,9.56097e-05
57.7169,0.00193006,0.00165603,0.00153153,9.56097e-05
58.2914,0.00193378,0.00165668,0.00153258,9.56097e-05
58.8715,0.00193752,0.00165732,0.00153362,9.56096e-05
59.4575,0.0019413,0.00165797,0.00153467,9.56096e-05
60.0492,0.00194511,0.00165861,0.00153573,9.56096e-05
60.6469,0.00194895,0.00165925,0.00153678,9.56096e-05
61.2505,0.00195283,0.0016599,0.00153785,9.56096e-05
61.8601,0.00195673,0.00166054,0.00153891,9.56096e-05
62.4758,0.00196067,0.00166118,0.00153998,9.56096e-05
63.0976,0.00196464,0.00166182,0.00154106,9.56096e-05
63.7256,0.00196865,0.00166246,0.00154214,9.56096e-05
64.3598,0.00197268,0.0016631,0.00154322,9.56096e-05
65.0004,0.00197676,0.00166373,0.00154431,9.56096e-05
65.6473,0.00198086,0.00166437,0.00154541,9.56096e-05
66.3006,0.00198501,0.00166501,0.00154651,9.56096e-05
66.9605,0.00198918,0.00166564,0.00154761,9.56096e-05
67.627,0.0019934,0.00166628,0.00154872,9.56096e-05
68.3,0.00199765,0.00166691,0.00154983,9.56096e-05
68.9798,0.00200193,0.00166755,0.00155095,9.56096e-05
69.6663,0.00200625,0.00166818,0.00155207,9.56096e-05
70.3597,0.00201061,0.00166881,0.0015532,9.56096e-05
71.06,0.00201501,0.00166944,0.00155434,9.56096e-05
71.7672,0.00201944,0.00167008,0.00155547,9.56095e-05
72.4815,0.00202392,0.00167071,0.00155662,9.56095e-05
73.2029,0.00202843,0.00167134,0.00155777,9.56095e-05
73.9314,0.00203298,0.00167197,0.00155892,9.56095e-05
74.6672,0.00203757,0.00167259,0.00156008,9.56095e-05
75.4104,0.0020422,0.00167322,0.00156125,9.56095e-05
76.1609,0.00204688,0.00167385,0.00156242,9.56095e-05
76.9189,0.00205159,0.00167448,0.0015636,9.56095e-05
77.6845,0.00205634,0.0016751,0.00156478,9.56095e-05
78.4576,0.00206114,0.00167573,0.00156597,9.56095e-05
79.2385,0.00206598,0.00167636,0.00156716,9.56095e-05
80.0272,0.00207086,0.00167698,0.00156836,9.56095e-05
80.8236,0.00207578,0.0016776,0.00156957,9.56095e-05
81.628,0.00208075,0.00167823,0.00157078,9.56095e-05
82.4405,0.00208576,0.00167885,0.001572,9.56095e-05
83.261,0.00209082,0.00167947,0.00157323,9.56095e-05
84.0896,0.00209592,0.00168009,0.00157446,9.56095e-05
84.9266,0.00210107,0.00168072,0.0015757,9.56095e-05
85.7718,0.00210627,0.00168134,0.00157694,9.56095e-05
86.6255,0.00211151,0.00168196,0.00157819,9.56095e-05
87.4876,0.00211679,0.00168258,0.00157945,9.56095e-05
88.3584,0.00212213,0.00168319,0.00158072,9.56095e-05
89.2378,0.00212751,0.00168381,0.00158199,9.56095e-05
90.1259,0.00213295,0.00168443,0.00158326,9.56095e-05
91.0229,0.00213843,0.00168505,0.00158455,9.56095e-05
91.9288,0.00214396,0.00168566,0.00158584,9.56095e-05
92.8438,0.00214954,0.00168628,0.00158714,9.56095e-05
93.7678,0.00215517,0.0016869,0.00158845,9.56095e-05
94.7011,0.00216086,0.00168751,0.00158976,9.56095e-05
95.6436,0.00216659,0.00168813,0.00159108,9.56095e-05
96.5955,0.00217238,0.00168874,0.00159241,9.56095e-05
97.5569,0.00217822,0.00168936,0.00159375,9.56095e-05
98.5278,0.00218412,0.00168997,0.00159509,9.56095e-05
99.5085,0.00219006,0.00169058,0.00159645,9.56094e-05
100.499,0.00219607,0.00169119,0.00159781,9.56094e-05
101.499,0.00220213,0.00169181,0.00159917,9.56094e-05
102.509,0.00220824,0.00169242,0.00160055,9.56094e-05
103.53,0.00221442,0.00169303,0.00160193,9.56094e-05
104.56,0.00222065,0.00169364,0.00160333,9.56094e-05
105.601,0.00222693,0.00169425,0.00160473,9.56094e-05
106.652,0.00223328,0.00169486,0.00160613,9.56094e-05
107.713,0.00223968,0.00169547,0.00160755,9.56094e-05
108.785,0.00224615,0.00169607,0.00160898,9.56094e-05
109.868,0.00225267,0.00169668,0.00161041,9.56094e-05
110.961,0.00225926,0.00169729,0.00161186,9.56094e-05
112.066,0.00226591,0.0016979,0.00161331,9.56094e-05
113.181,0.00227262,0.0016985,0.00161477,9.56094e-05
114.307,0.00227939,0.00169911,0.00161624,9.56094e-05
115.445,0.00228623,0.00169972,0.00161772,9.56094e-05
116.594,0.00229313,0.00170032,0.00161921,9.56094e-05
117.755,0.00230009,0.00170093,0.00162071,9.56094e-05
118.926,0.00230713,0.00170153,0.00162222,9.56094e-05
120.11,0.00231423,0.00170213,0.00162373,9.56094e-05
121.306,0.00232139,0.00170274,0.00162526,9.56094e-05
122.513,0.00232863,0.00170334,0.0016268,9.56094e-05
123.732,0.00233593,0.00170394,0.00162835,9.56094e-05
124.964,0.0023433,0.00170455,0.00162991,9.56094e-05
126.207,0.00235075,0.00170515,0.00163147,9.56094e-05
127.463,0.00235826,0.00170575,0.00163305,9.56094e-05
128.732,0.00236585,0.00170635,0.00163464,9.56094e-05
130.013,0.00237351,0.00170695,0.00163624,9.56094e-05
131.307,0.00238124,0.00170755,0.00163785,9.56094e-05
132.614,0.00238904,0.00170815,0.00163947,9.56094e-05
133.934,0.00239693,0.00170875,0.0016411,9.56094e-05
135.267,0.00240488,0.00170935,0.00164275,9.56094e-05
136.613,0.00241292,0.00170995,0.0016444,9.56094e-05
137.973,0.00242103,0.00171055,0.00164607,9.56094e-05
139.346,0.00242922,0.00171115,0.00164774,9.56094e-05
140.733,0.00243749,0.00171174,0.00164943,9.56094e-05
142.134,0.00244584,0.00171234,0.00165113,9.56094e-05
143.548,0.00245427,0.00171294,0.00165285,9.56094e-05
144.977,0.00246278,0.00171354,0.00165457,9.56094e-05
146.42,0.00247138,0.00171413,0.00165631,9.56094e-05
147.877,0.00248006,0.00171473,0.00165805,9.56094e-05
149.349,0.00248882,0.00171532,0.00165982,9.56094e-05
150.835,0.00249767,0.00171592,0.00166159,9.56094e-05
152.337,0.0025066,0.00171651,0.00166338,9.56094e-05
153.853,0.00251563,0.00171711,0.00166518,9.56094e-05
155.384,0.00252474,0.0017177,0.00166699,9.56094e-05
156.931,0.00253394,0.0017183,0.00166881,9.56094e-05
158.492,0.00254323,0.00171889,0.00167065,9.56094e-05
160.07,0.00255261,0.00171948,0.0016725,9.56094e-05
161.663,0.00256209,0.00172008,0.00167437,9.56094e-05
163.272,0.00257165,0.00172067,0.00167625,9.56094e-05
164.897,0.00258132,0.00172126,0.00167814,9.56094e-05
166.538,0.00259107,0.00172185,0.00168005,9.56094e-05
168.196,0.00260093,0.00172244,0.00168197,9.56094e-05
169.87,0.00261088,0.00172304,0.00168391,9.56094e-05
171.56,0.00262093,0.00172363,0.00168586,9.56094e-05
173.268,0.00263108,0.00172422,0.00168782,9.56094e-05
174.992,0.00264133,0.00172481,0.00168981,9.56094e-05
176.734,0.00265168,0.0017254,0.0016918,9.56094e-05
178.493,0.00266214,0.00172599,0.00169381,9.56094e-05
180.269,0.0026727,0.00172658,0.00169584,9.56094e-05
182.063,0.00268336,0.00172717,0.00169788,9.56094e-05
183.876,0.00269414,0.00172775,0.00169994,9.56094e-05
185.706,0.00270501,0.00172834,0.00170201,9.56094e-05
187.554,0.002716,0.00172893,0.0017041,9.56094e-05
189.42,0.0027271,0.00172952,0.0017062,9.56094e-05
191.306,0.00273831,0.00173011,0.00170833,9.56094e-05
193.21,0.00274963,0.00173069,0.00171047,9.56094e-05
195.133,0.00276107,0.00173128,0.00171262,9.56094e-05
197.075,0.00277262,0.00173187,0.00171479,9.56094e-05
199.036,0.00278428,0.00173245,0.00171698,9.56094e-05
201.017,0.00279607,0.00173304,0.00171919,9.56094e-05
203.018,0.00280797,0.00173363,0.00172142,9.56094e-05
205.038,0.00281999,0.00173421,0.00172366,9.56094e-05
207.079,0.00283214,0.0017348,0.00172592,9.56094e-05
209.14,0.0028444,0.00173538,0.0017282,9.56094e-05
211.222,0.00285679,0.00173597,0.0017305,9.56094e-05
213.324,0.00286931,0.00173655,0.00173281,9.56094e-05
215.447,0.00288195,0.00173714,0.00173515,9.56094e-05
217.591,0.00289473,0.00173772,0.0017375,9.56094e-05
219.757,0.00290763,0.00173831,0.00173987,9.56094e-05
221.944,0.00292066,0.00173889,0.00174227,9.56094e-05
224.153,0.00293383,0.00173947,0.00174468,9.56094e-05
226.384,0.00294713,0.00174006,0.00174711,9.56094e-05
228.637,0.00296056,0.00174064,0.00174956,9.56094e-05
230.913,0.00297413,0.00174122,0.00175204,9.56094e-05
233.211,0.00298784,0.0017418,0.00175453,9.56094e-05
235.532,0.00300169,0.00174239,0.00175704,9.56094e-05
237.876,0.00301569,0.00174297,0.00175958,9.56094e-05
240.244,0.00302982,0.00174355,0.00176214,9.56094e-05
242.635,0.0030441,0.00174413,0.00176471,9.56094e-05
245.049,0.00305853,0.00174471,0.00176731,9.56094e-05
247.488,0.0030731,0.00174529,0.00176994,9.56094e-05
249.952,0.00308783,0.00174587,0.00177258,9.56093e-05
252.439,0.0031027,0.00174646,0.00177525,9.56093e-05
254.952,0.00311773,0.00174704,0.00177794,9.56093e-05
257.489,0.00313291,0.00174762,0.00178065,9.56093e-05
260.052,0.00314825,0.0017482,0.00178339,9.56093e-05
262.64,0.00316375,0.00174878,0.00178614,9.56093e-05
265.254,0.00317941,0.00174936,0.00178893,9.56093e-05
267.894,0.00319523,0.00174993,0.00179174,9.56093e-05
270.56,0.00321121,0.00175051,0.00179457,9.56093e-05
273.253,0.00322736,0.00175109,0.00179742,9.56093e-05
275.973,0.00324367,0.00175167,0.0018003,9.56093e-05
278.719,0.00326016,0.00175225,0.00180321,9.56093e-05
281.493,0.00327681,0.00175283,0.00180614,9.56093e-05
284.295,0.00329364,0.00175341,0.0018091,9.56093e-05
287.124,0.00331064,0.00175398,0.00181208,9.56093e-05
289.982,0.00332782,0.00175456,0.00181509,9.56093e-05
292.868,0.00334518,0.00175514,0.00181813,9.56093e-05
295.783,0.00336271,0.00175572,0.00182119,9.56093e-05
298.727,0.00338043,0.00175629,0.00182429,9.56093e-05
301.7,0.00339834,0.00175687,0.0018274,9.56093e-05
304.703,0.00341643,0.00175745,0.00183055,9.56093e-05
307.735,0.0034347,0.00175803,0.00183372,9.56093e-05
310.798,0.00345317,0.0017586,0.00183693,9.56093e-05
313.891,0.00347183,0.00175918,0.00184016,9.56093e-05
317.016,0.00349069,0.00175975,0.00184342,9.56093e-05
320.171,0.00350974,0.00176033,0.00184671,9.56093e-05
323.357,0.00352899,0.00176091,0.00185003,9.56093e-05
326.576,0.00354845,0.00176148,0.00185338,9.56093e-05
329.826,0.0035681,0.00176206,0.00185676,9.56093e-05
333.108,0.00358797,0.00176263,0.00186017,9.56093e-05
336.424,0.00360803,0.00176321,0.00186361,9.56093e-05
339.772,0.00362831,0.00176378,0.00186708,9.56093e-05
343.154,0.00364881,0.00176436,0.00187059,9.56093e-05
346.569,0.00366951,0.00176493,0.00187413,9.56093e-05
350.018,0.00369044,0.00176551,0.00187769,9.56093e-05
353.502,0.00371158,0.00176608,0.0018813,9.56093e-05
357.02,0.00373295,0.00176665,0.00188493,9.56093e-05
360.574,0.00375454,0.00176723,0.0018886,9.56093e-05
364.162,0.00377635,0.0017678,0.0018923,9.56093e-05
367.787,0.0037984,0.00176837,0.00189604,9.56093e-05
371.447,0.00382067,0.00176895,0.00189981,9.56093e-05
375.144,0.00384318,0.00176952,0.00190362,9.56093e-05
378.878,0.00386593,0.00177009,0.00190746,9.56093e-05
382.649,0.00388892,0.00177067,0.00191134,9.56093e-05
386.457,0.00391215,0.00177124,0.00191525,9.56093e-05
390.303,0.00393562,0.00177181,0.0019192,9.56093e-05
394.188,0.00395934,0.00177239,0.00192319,9.56093e-05
398.111,0.0039833,0.00177296,0.00192721,9.56093e-05
402.073,0.00400753,0.00177353,0.00193128,9.56093e-05
406.075,0.004032,0.0017741,0.00193538,9.56093e-05
410.117,0.00405673,0.00177467,0.00193952,9.56093e-05
414.198,0.00408173,0.00177525,0.00194369,9.56093e-05
418.321,0.00410698,0.00177582,0.00194791,9.56093e-05
422.484,0.00413251,0.00177639,0.00195217,9.56093e-05
426.689,0.0041583,0.00177696,0.00195647,9.56093e-05
430.936,0.00418436,0.00177753,0.0019608,9.56093e-05
435.225,0.0042107,0.0017781,0.00196518,9.56093e-05
439.556,0.00423731,0.00177867,0.0019696,9.56093e-05
443.931,0.00426421,0.00177924,0.00197406,9.56093e-05
448.349,0.00429138,0.00177982,0.00197857,9.56093e-05
452.812,0.00431885,0.00178039,0.00198312,9.56093e-05
457.318,0.0043466,0.00178096,0.00198771,9.56093e-05
461.87,0.00437465,0.00178153,0.00199234,9.56093e-05
466.467,0.00440298,0.0017821,0.00199702,9.56093e-05
471.109,0.00443162,0.00178267,0.00200174,9.56093e-05
475.798,0.00446056,0.00178324,0.00200651,9.56093e-05
480.534,0.0044898,0.00178381,0.00201133,9.56093e-05
485.316,0.00451935,0.00178438,0.00201619,9.56093e-05
490.146,0.00454922,0.00178495,0.00202109,9.56093e-05
495.025,0.00457939,0.00178552,0.00202605,9.56093e-05
499.952,0.00460988,0.00178609,0.00203105,9.56093e-05
504.927,0.00464069,0.00178665,0.00203609,9.56093e-05
509.953,0.00467182,0.00178722,0.00204119,9.56093e-05
515.028,0.00470329,0.00178779,0.00204634,9.56093e-05
520.154,0.00473507,0.00178836,0.00205153,9.56093e-05
525.331,0.0047672,0.00178893,0.00205678,9.56093e-05
530.559,0.00479966,0.0017895,0.00206207,9.56093e-05
535.84,0.00483245,0.00179007,0.00206742,9.56093e-05
541.173,0.0048656,0.00179064,0.00207282,9.56093e-05
546.559,0.00489908,0.0017912,0.00207827,9.56093e-05
551.999,0.00493292,0.00179177,0.00208377,9.56093e-05
557.493,0.00496711,0.00179234,0.00208932,9.56093e-05
563.041,0.00500166,0.00179291,0.00209493,9.56093e-05
568.645,0.00503656,0.00179348,0.00210059,9.56093e-05
574.305,0.00507183,0.00179405,0.00210631,9.56093e-05
580.021,0.00510746,0.00179461,0.00211208,9.56093e-05
585.793,0.00514347,0.00179518,0.00211791,9.56093e-05
591.623,0.00517985,0.00179575,0.00212379,9.56093e-05
597.512,0.0052166,0.00179632,0.00212973,9.56093e-05
603.459,0.00525374,0.00179688,0.00213572,9.56093e-05
609.465,0.00529126,0.00179745,0.00214178,9.56093e-05
615.53,0.00532916,0.00179802,0.00214789,9.56093e-05
621.657,0.00536746,0.00179858,0.00215406,9.56093e-05
627.844,0.00540615,0.00179915,0.00216029,9.56093e-05
634.093,0.00544524,0.00179972,0.00216657,9.56093e-05
640.403,0.00548473,0.00180029,0.00217292,9.56093e-05
646.777,0.00552462,0.00180085,0.00217933,9.56093e-05
653.214,0.00556492,0.00180142,0.0021858,9.56093e-05
659.716,0.00560564,0.00180199,0.00219233,9.56093e-05
666.282,0.00564677,0.00180255,0.00219893,9.56093e-05
672.913,0.00568831,0.00180312,0.00220559,9.56093e-05
679.61,0.00573028,0.00180368,0.00221231,9.56093e-05
686.374,0.00577268,0.00180425,0.00221909,9.56093e-05
693.205,0.0058155,0.00180482,0.00222594,9.56093e-05
700.105,0.00585876,0.00180538,0.00223285,9.56093e-05
707.073,0.00590245,0.00180595,0.00223983,9.56093e-05
714.11,0.00594658,0.00180651,0.00224687,9.56093e-05
721.217,0.00599115,0.00180708,0.00225398,9.56093e-05
728.395,0.00603617,0.00180765,0.00226116,9.56093e-05
735.645,0.00608164,0.00180821,0.0022684,9.56093e-05
742.966,0.00612756,0.00180878,0.00227572,9.56093e-05
750.361,0.00617394,0.00180934,0.0022831,9.56093e-05
757.829,0.00622077,0.00180991,0.00229055,9.56093e-05
765.371,0.00626807,0.00181047,0.00229807,9.56093e-05
772.989,0.00631583,0.00181104,0.00230565,9.56093e-05
780.682,0.00636407,0.0018116,0.00231331,9.56093e-05
788.452,0.00641277,0.00181217,0.00232104,9.56093e-05
796.299,0.00646195,0.00181273,0.00232884,9.56093e-05
804.225,0.0065116,0.0018133,0.00233671,9.56093e-05
812.229,0.00656174,0.00181386,0.00234466,9.56093e-05
820.313,0.00661236,0.00181443,0.00235268,9.56093e-05
828.477,0.00666346,0.00181499,0.00236076,9.56093e-05
836.723,0.00671506,0.00181556,0.00236893,9.56093e-05
845.05,0.00676714,0.00181612,0.00237716,9.56093e-05
853.461,0.00681972,0.00181669,0.00238547,9.56093e-05
861.955,0.0068728,0.00181725,0.00239386,9.56093e-05
870.534,0.00692638,0.00181782,0.00240232,9.56093e-05
879.198,0.00698045,0.00181838,0.00241085,9.56093e-05
887.948,0.00703503,0.00181894,0.00241946,9.56093e-05
896.786,0.00709012,0.00181951,0.00242815,9.56093e-05
905.711,0.00714571,0.00182007,0.00243691,9.56093e-05
914.725,0.00720182,0.00182064,0.00244575,9.56093e-05
923.829,0.00725843,0.0018212,0.00245467,9.56093e-05
933.024,0.00731556,0.00182176,0.00246366,9.56093e-05
942.31,0.00737321,0.00182233,0.00247273,9.56093e-05
951.689,0.00743137,0.00182289,0.00248187,9.56093e-05
961.16,0.00749004,0.00182346,0.0024911,9.56093e-05
970.727,0.00754924,0.00182402,0.0025004,9.56093e-05
980.388,0.00760896,0.00182458,0.00250978,9.56093e-05
990.145,0.00766919,0.00182515,0.00251924,9.56093e-05
