p_initial,p_final,e_loss,x_sigma,dir_sigma,e_sigma
1,0.868364,0.130797,56.0597,0.0374668,0.00727688
1.00693,0.875169,0.130936,55.6428,0.0371878,0.00728912
1.01391,0.882021,0.131075,55.2293,0.036911,0.0073013
1.02094,0.888921,0.131214,54.8191,0.0366365,0.00731341
1.02802,0.895869,0.131353,54.4122,0.0363642,0.00732547
1.03514,0.902866,0.131493,54.0086,0.0360942,0.00733745
1.04232,0.909912,0.131633,53.6082,0.0358262,0.00734938
1.04954,0.917007,0.131773,53.211,0.0355605,0.00736124
1.05682,0.924173,0.131893,52.8159,0.0352961,0.00737337
1.06414,0.931451,0.131951,52.4208,0.0350317,0.00738643
1.07152,0.938744,0.132045,52.0308,0.0347707,0.00739885
1.07895,0.946132,0.132094,51.642,0.0345106,0.00741191
1.08643,0.953536,0.13218,51.2581,0.0342537,0.00742432
1.09396,0.961036,0.13222,50.8756,0.0339977,0.00743737
1.10154,0.968552,0.132297,50.4978,0.0337449,0.00744977
1.10917,0.976165,0.132329,50.1215,0.0334931,0.00746281
1.11686,0.983877,0.132316,49.7472,0.0332426,0.00747646
1.1246,0.991565,0.132379,49.3784,0.0329958,0.00748887
1.1324,0.999352,0.132397,49.0116,0.0327504,0.00750188
1.14025,1.00716,0.132451,48.6487,0.0325076,0.00751428
1.14815,1.01506,0.132459,48.288,0.0322662,0.00752729
1.15611,1.02298,0.132504,47.9309,0.0320273,0.00753968
1.16413,1.03105,0.132461,47.5758,0.0317897,0.00755329
1.1722,1.03914,0.132454,47.2243,0.0315545,0.00756629
1.18032,1.04724,0.132483,46.876,0.0313214,0.00757868
1.1885,1.05545,0.132466,46.5304,0.0310903,0.00759166
1.19674,1.06365,0.132508,46.1877,0.030861,0.00760372
1.20504,1.07189,0.13257,45.8478,0.0306336,0.00761542
1.21339,1.08019,0.132632,45.5106,0.0304081,0.00762705
1.2218,1.08855,0.132694,45.1761,0.0301843,0.00763861
1.23027,1.09696,0.132757,44.8441,0.0299622,0.0076501
1.2388,1.10544,0.132819,44.5148,0.029742,0.00766153
1.24738,1.11397,0.132882,44.1881,0.0295234,0.00767288
1.25603,1.12256,0.132945,43.864,0.0293066,0.00768417
1.26474,1.13121,0.133009,43.5424,0.0290915,0.0076954
1.2735,1.13992,0.133072,43.2234,0.0288781,0.00770656
1.28233,1.14869,0.133136,42.9068,0.0286664,0.00771765
1.29122,1.15752,0.1332,42.5927,0.0284563,0.00772868
1.30017,1.16642,0.133264,42.2811,0.0282479,0.00773964
1.30918,1.17537,0.133328,41.9719,0.028041,0.00775054
1.31826,1.18439,0.133392,41.6651,0.0278359,0.00776138
1.32739,1.19347,0.133457,41.3607,0.0276323,0.00777215
1.3366,1.20261,0.133521,41.0587,0.0274303,0.00778286
1.34586,1.21182,0.133586,40.7591,0.0272299,0.00779351
1.35519,1.22109,0.133651,40.4617,0.027031,0.0078041
1.36458,1.23042,0.133716,40.1667,0.0268337,0.00781462
1.37404,1.23982,0.133781,39.8739,0.0266379,0.00782508
1.38357,1.24929,0.133847,39.5835,0.0264437,0.00783549
1.39316,1.25882,0.133912,39.2952,0.0262509,0.00784583
1.40281,1.26842,0.133978,39.0092,0.0260597,0.00785611
1.41254,1.27808,0.134044,38.7254,0.0258699,0.00786633
1.42233,1.28781,0.13411,38.4438,0.0256816,0.00787649
1.43219,1.29761,0.134176,38.1644,0.0254947,0.0078866
1.44212,1.30748,0.134242,37.8871,0.0253093,0.00789664
1.45211,1.31741,0.134308,37.6119,0.0251253,0.00790663
1.46218,1.32742,0.134375,37.3389,0.0249427,0.00791655
1.47231,1.33749,0.134441,37.068,0.0247616,0.00792642
1.48252,1.34764,0.134508,36.7991,0.0245818,0.00793624
1.49279,1.35785,0.134575,36.5323,0.0244034,0.00794599
1.50314,1.36814,0.134641,36.2675,0.0242264,0.00795569
1.51356,1.37849,0.134708,36.0048,0.0240507,0.00796534
1.52405,1.38892,0.134776,35.7441,0.0238764,0.00797493
1.53462,1.39942,0.134843,35.4853,0.0237034,0.00798446
1.54525,1.41,0.13491,35.2286,0.0235317,0.00799393
1.55597,1.42065,0.134978,34.9738,0.0233614,0.00800336
1.56675,1.43137,0.135045,34.7209,0.0231923,0.00801272
1.57761,1.44217,0.135113,34.47,0.0230245,0.00802204
1.58855,1.45304,0.13518,34.2209,0.022858,0.0080313
1.59956,1.46399,0.135248,33.9738,0.0226928,0.0080405
1.61065,1.47501,0.135316,33.7285,0.0225288,0.00804966
1.62181,1.48611,0.135384,33.4851,0.0223661,0.00805876
1.63305,1.49729,0.135452,33.2436,0.0222046,0.0080678
1.64437,1.50855,0.135521,33.0039,0.0220444,0.0080768
1.65577,1.51988,0.135589,32.7659,0.0218853,0.00808574
1.66725,1.53129,0.135657,32.5298,0.0217275,0.00809463
1.6788,1.54279,0.135726,32.2955,0.0215708,0.00810347
1.69044,1.55436,0.135794,32.0629,0.0214154,0.00811226
1.70216,1.56601,0.135863,31.8321,0.0212611,0.00812099
1.71396,1.57775,0.135932,31.6031,0.0211079,0.00812968
1.72584,1.58956,0.136,31.3757,0.020956,0.00813832
1.7378,1.60146,0.136069,31.1501,0.0208051,0.0081469
1.74985,1.61344,0.136138,30.9262,0.0206555,0.00815544
1.76198,1.6255,0.136207,30.7039,0.0205069,0.00816393
1.77419,1.63765,0.136276,30.4833,0.0203595,0.00817237
1.78649,1.64988,0.136345,30.2644,0.0202131,0.00818075
1.79887,1.6622,0.136414,30.0471,0.0200679,0.0081891
1.81134,1.67461,0.136484,29.8315,0.0199237,0.00819739
1.8239,1.6871,0.136553,29.6174,0.0197807,0.00820563
1.83654,1.69967,0.136622,29.405,0.0196387,0.00821383
1.84927,1.71234,0.136692,29.1941,0.0194978,0.00822198
1.86209,1.72509,0.136761,28.9849,0.0193579,0.00823008
1.87499,1.73793,0.136831,28.7772,0.0192191,0.00823813
1.88799,1.75086,0.1369,28.571,0.0190813,0.00824614
1.90108,1.76388,0.13697,28.3664,0.0189445,0.0082541
1.91426,1.77699,0.13704,28.1633,0.0188088,0.00826202
1.92752,1.79019,0.13711,27.9617,0.0186741,0.00826989
1.94089,1.80349,0.137179,27.7616,0.0185403,0.00827771
1.95434,1.81687,0.137249,27.5631,0.0184076,0.00828549
1.96789,1.83035,0.137319,27.3659,0.0182759,0.00829323
1.98153,1.84393,0.137389,27.1703,0.0181451,0.00830092
1.99526,1.8576,0.137459,26.9761,0.0180154,0.00830856
2.00909,1.87136,0.137529,26.7834,0.0178865,0.00831616
2.02302,1.88522,0.137599,26.592,0.0177587,0.00832371
2.03704,1.89917,0.13767,26.4021,0.0176318,0.00833123
2.05116,1.91323,0.13774,26.2136,0.0175058,0.0083387
2.06538,1.92738,0.13781,26.0265,0.0173808,0.00834612
2.0797,1.94163,0.13788,25.8408,0.0172567,0.0083535
2.09411,1.95597,0.137951,25.6565,0.0171335,0.00836084
2.10863,1.97042,0.138021,25.4735,0.0170112,0.00836814
2.12324,1.98497,0.138091,25.2919,0.0168898,0.00837539
2.13796,1.99962,0.138162,25.1116,0.0167694,0.0083826
2.15278,2.01437,0.138232,24.9327,0.0166498,0.00838977
2.1677,2.02923,0.138303,24.755,0.0165311,0.0083969
2.18273,2.04418,0.138373,24.5787,0.0164133,0.00840399
2.19786,2.05925,0.138444,24.4037,0.0162963,0.00841103
2.21309,2.07441,0.138514,24.23,0.0161802,0.00841804
2.22844,2.08968,0.138585,24.0575,0.016065,0.008425
2.24388,2.10506,0.138656,23.8863,0.0159506,0.00843192
2.25944,2.12055,0.138726,23.7164,0.0158371,0.00843881
2.2751,2.13614,0.138797,23.5477,0.0157243,0.00844565
2.29087,2.15184,0.138868,23.3803,0.0156125,0.00845245
2.30675,2.16765,0.138939,23.2141,0.0155014,0.00845921
2.32274,2.18357,0.139009,23.0491,0.0153912,0.00846594
2.33884,2.19961,0.13908,22.8853,0.0152817,0.00847262
2.35505,2.21575,0.139151,22.7228,0.0151731,0.00847927
2.37137,2.23201,0.139222,22.5614,0.0150653,0.00848587
2.38781,2.24837,0.139293,22.4012,0.0149583,0.00849244
2.40436,2.26486,0.139364,22.2422,0.014852,0.00849897
2.42103,2.28145,0.139435,22.0843,0.0147465,0.00850546
2.43781,2.29817,0.139505,21.9276,0.0146418,0.00851192
2.45471,2.315,0.139576,21.772,0.0145379,0.00851833
2.47172,2.33194,0.139647,21.6176,0.0144347,0.00852471
2.48886,2.34901,0.139718,21.4643,0.0143323,0.00853105
2.50611,2.36619,0.139789,21.3121,0.0142306,0.00853735
2.52348,2.38349,0.13986,21.1611,0.0141297,0.00854362
2.54097,2.40091,0.139931,21.0111,0.0140295,0.00854985
2.55859,2.41846,0.140002,20.8622,0.0139301,0.00855604
2.57632,2.43612,0.140073,20.7144,0.0138313,0.0085622
2.59418,2.45391,0.140145,20.5677,0.0137333,0.00856832
2.61216,2.47182,0.140216,20.4221,0.013636,0.00857441
2.63027,2.48986,0.140287,20.2775,0.0135394,0.00858046
2.6485,2.50802,0.140358,20.134,0.0134435,0.00858647
2.66686,2.52631,0.140429,19.9915,0.0133483,0.00859245
2.68534,2.54473,0.1405,19.8501,0.0132539,0.00859839
2.70396,2.56327,0.140571,19.7096,0.01316,0.0086043
2.7227,2.58195,0.140642,19.5703,0.0130669,0.00861018
2.74157,2.60075,0.140713,19.4319,0.0129745,0.00861602
2.76058,2.61968,0.140784,19.2945,0.0128827,0.00862182
2.77971,2.63875,0.140856,19.1581,0.0127916,0.00862759
2.79898,2.65795,0.140927,19.0227,0.0127011,0.00863333
2.81838,2.67728,0.140998,18.8883,0.0126114,0.00863903
2.83792,2.69675,0.141069,18.7549,0.0125222,0.0086447
2.85759,2.71635,0.14114,18.6224,0.0124337,0.00865034
2.8774,2.73609,0.141211,18.4909,0.0123459,0.00865594
2.89734,2.75596,0.141283,18.3603,0.0122587,0.00866151
2.91743,2.77598,0.141354,18.2307,0.0121721,0.00866705
2.93765,2.79613,0.141425,18.102,0.0120861,0.00867255
2.95801,2.81642,0.141496,17.9743,0.0120008,0.00867803
2.97852,2.83686,0.141567,17.8475,0.0119161,0.00868346
2.99916,2.85743,0.141638,17.7216,0.011832,0.00868887
3.01995,2.87815,0.14171,17.5966,0.0117485,0.00869425
3.04089,2.89901,0.141781,17.4725,0.0116656,0.00869959
3.06196,2.92002,0.141852,17.3493,0.0115833,0.0087049
3.08319,2.94118,0.141923,17.227,0.0115016,0.00871018
3.10456,2.96248,0.141994,17.1056,0.0114205,0.00871543
3.12608,2.98393,0.142065,16.985,0.01134,0.00872065
3.14775,3.00553,0.142137,16.8653,0.01126,0.00872584
3.16957,3.02728,0.142208,16.7465,0.0111807,0.008731
3.19154,3.04918,0.142279,16.6286,0.0111019,0.00873612
3.21366,3.07123,0.14235,16.5115,0.0110237,0.00874122
3.23594,3.09344,0.142421,16.3952,0.010946,0.00874628
3.25837,3.1158,0.142492,16.2798,0.0108689,0.00875132
3.28095,3.13831,0.142563,16.1652,0.0107924,0.00875633
3.3037,3.16098,0.142634,16.0514,0.0107164,0.0087613
3.3266,3.18381,0.142706,15.9384,0.0106409,0.00876625
3.34965,3.2068,0.142777,15.8263,0.010566,0.00877116
3.37287,3.22995,0.142848,15.7149,0.0104917,0.00877605
3.39625,3.25326,0.142919,15.6044,0.0104178,0.00878091
3.41979,3.27673,0.14299,15.4947,0.0103445,0.00878574
3.4435,3.30037,0.143061,15.3857,0.0102717,0.00879054
3.46737,3.32417,0.143132,15.2775,0.0101995,0.00879531
3.4914,3.34813,0.143203,15.1701,0.0101278,0.00880006
3.5156,3.37226,0.143274,15.0635,0.0100566,0.00880478
3.53997,3.39656,0.143345,14.9576,0.00998585,0.00880946
3.56451,3.42103,0.143416,14.8525,0.00991565,0.00881412
3.58922,3.44567,0.143487,14.7482,0.00984596,0.00881875
3.6141,3.47048,0.143558,14.6446,0.00977676,0.00882336
3.63915,3.49546,0.143629,14.5417,0.00970807,0.00882794
3.66438,3.52061,0.1437,14.4396,0.00963986,0.00883248
3.68978,3.54594,0.143771,14.3382,0.00957214,0.00883701
3.71535,3.57145,0.143842,14.2375,0.00950491,0.0088415
3.74111,3.59713,0.143913,14.1376,0.00943816,0.00884597
3.76704,3.623,0.143984,14.0384,0.00937189,0.00885041
3.79315,3.64904,0.144055,13.9398,0.0093061,0.00885483
3.81944,3.67526,0.144126,13.842,0.00924077,0.00885921
3.84592,3.70166,0.144197,13.7449,0.00917591,0.00886358
3.87258,3.72825,0.144267,13.6485,0.00911151,0.00886792
3.89942,3.75503,0.144338,13.5527,0.00904758,0.00887223
3.92645,3.78199,0.144409,13.4577,0.0089841,0.00887651
3.95367,3.80913,0.14448,13.3633,0.00892107,0.00888077
3.98107,3.83647,0.144551,13.2696,0.0088585,0.008885
4.00867,3.86399,0.144622,13.1766,0.00879637,0.00888921
4.03645,3.89171,0.144692,13.0842,0.00873468,0.00889339
4.06443,3.91962,0.144763,12.9925,0.00867345,0.00889755
4.09261,3.94772,0.144834,12.9015,0.00861263,0.00890168
4.12098,3.97602,0.144905,12.8111,0.00855226,0.00890579
4.14954,4.00452,0.144975,12.7213,0.00849232,0.00890987
4.1783,4.03321,0.145046,12.6322,0.0084328,0.00891393
4.20727,4.0621,0.145117,12.5437,0.00837371,0.00891797
4.23643,4.0912,0.145187,12.4558,0.00831504,0.00892198
4.2658,4.12049,0.145258,12.3686,0.00825679,0.00892596
4.29536,4.14999,0.145329,12.282,0.00819896,0.00892993
4.32514,4.17969,0.145399,12.196,0.00814153,0.00893386
4.35512,4.2096,0.14547,12.1106,0.00808452,0.00893778
4.38531,4.23972,0.14554,12.0259,0.00802791,0.00894167
4.4157,4.27005,0.145611,11.9417,0.0079717,0.00894553
4.44631,4.30059,0.145681,11.8581,0.00791589,0.00894938
4.47713,4.33134,0.145752,11.7751,0.00786048,0.0089532
4.50817,4.3623,0.145822,11.6927,0.00780547,0.008957
4.53942,4.39348,0.145893,11.6109,0.00775085,0.00896077
4.57088,4.42488,0.145963,11.5297,0.00769661,0.00896452
4.60257,4.45649,0.146034,11.4491,0.00764276,0.00896825
4.63447,4.48833,0.146104,11.369,0.00758929,0.00897196
4.66659,4.52038,0.146175,11.2895,0.0075362,0.00897564
4.69894,4.55266,0.146245,11.2106,0.00748349,0.0089793
4.73151,4.58516,0.146315,11.1322,0.00743115,0.00898294
4.76431,4.61789,0.146386,11.0544,0.00737919,0.00898656
4.79733,4.65084,0.146456,10.9771,0.00732759,0.00899016
4.83059,4.68403,0.146526,10.9004,0.00727636,0.00899373
4.86407,4.71744,0.146597,10.8242,0.0072255,0.00899728
4.89779,4.75109,0.146667,10.7486,0.00717499,0.00900081
4.93174,4.78497,0.146737,10.6735,0.00712484,0.00900432
4.96592,4.81908,0.146808,10.5989,0.00707505,0.00900781
5.00035,4.85343,0.146878,10.5249,0.00702561,0.00901128
5.03501,4.88802,0.146948,10.4513,0.00697652,0.00901473
5.06991,4.92286,0.147018,10.3783,0.00692778,0.00901815
5.10505,4.95793,0.147088,10.3059,0.00687939,0.00902155
5.14044,4.99325,0.147158,10.2339,0.00683133,0.00902494
5.17607,5.02881,0.147229,10.1624,0.00678362,0.0090283
5.21195,5.06462,0.147299,10.0915,0.00673625,0.00903164
5.24807,5.10068,0.147369,10.021,0.00668921,0.00903496
5.28445,5.13698,0.147439,9.9511,0.0066425,0.00903826
5.32108,5.17354,0.147509,9.88164,0.00659613,0.00904155
5.35797,5.21036,0.147579,9.81268,0.00655009,0.00904481
5.39511,5.24743,0.147649,9.7442,0.00650436,0.00904805
5.4325,5.28476,0.147719,9.67621,0.00645896,0.00905127
5.47016,5.32234,0.147789,9.6087,0.00641389,0.00905448
5.50808,5.36019,0.147859,9.54167,0.00636913,0.00905766
5.54626,5.3983,0.147929,9.4751,0.00632468,0.00906082
5.5847,5.43668,0.147998,9.40901,0.00628056,0.00906397
5.62341,5.47532,0.148068,9.34339,0.00623674,0.00906709
5.66239,5.51423,0.148138,9.27823,0.00619324,0.0090702
5.70164,5.55341,0.148208,9.21353,0.00615003,0.00907329
5.74116,5.59286,0.148278,9.14929,0.00610714,0.00907635
5.78096,5.63259,0.148348,9.08549,0.00606455,0.0090794
5.82103,5.67259,0.148417,9.02216,0.00602226,0.00908244
5.86138,5.71287,0.148487,8.95926,0.00598027,0.00908545
5.90201,5.75343,0.148557,8.89681,0.00593857,0.00908844
5.94292,5.79427,0.148627,8.8348,0.00589717,0.00909142
5.98412,5.8354,0.148696,8.77323,0.00585606,0.00909437
6.0256,5.87681,0.148766,8.7121,0.00581525,0.00909731
6.06736,5.9185,0.148836,8.65139,0.00577472,0.00910024
6.10942,5.96049,0.148905,8.59111,0.00573447,0.00910314
6.15177,6.00277,0.148975,8.53126,0.00569451,0.00910602
6.19441,6.04534,0.149044,8.47182,0.00565483,0.00910889
6.23735,6.08821,0.149114,8.41281,0.00561543,0.00911174
6.28058,6.13138,0.149183,8.35422,0.00557631,0.00911458
6.32412,6.17484,0.149253,8.29603,0.00553746,0.00911739
6.36796,6.21861,0.149323,8.23825,0.00549889,0.00912019
6.4121,6.26268,0.149392,8.18089,0.00546059,0.00912297
6.45654,6.30706,0.149461,8.12392,0.00542255,0.00912573
6.5013,6.35175,0.149531,8.06736,0.00538479,0.00912848
6.54636,6.39674,0.1496,8.01119,0.00534729,0.00913121
6.59174,6.44205,0.14967,7.95542,0.00531006,0.00913392
6.63743,6.48767,0.149739,7.90005,0.00527309,0.00913662
6.68344,6.53361,0.149809,7.84506,0.00523638,0.0091393
6.72977,6.57987,0.149878,7.79046,0.00519992,0.00914196
6.77642,6.62645,0.149947,7.73624,0.00516372,0.00914461
6.82339,6.67335,0.150017,7.6824,0.00512778,0.00914724
6.87068,6.72058,0.150086,7.62895,0.00509209,0.00914986
6.91831,6.76814,0.150155,7.57586,0.00505666,0.00915245
6.96627,6.81602,0.150224,7.52315,0.00502147,0.00915504
7.01455,6.86424,0.150294,7.47082,0.00498652,0.0091576
7.06318,6.9128,0.150363,7.41885,0.00495183,0.00916015
7.11214,6.96169,0.150432,7.36724,0.00491738,0.00916269
7.16143,7.01092,0.150501,7.316,0.00488317,0.00916521
7.21107,7.06049,0.15057,7.26511,0.0048492,0.00916771
7.26106,7.1104,0.15064,7.21459,0.00481547,0.0091702
7.31139,7.16067,0.150709,7.16442,0.00478197,0.00917267
7.36207,7.21128,0.150778,7.1146,0.00474871,0.00917513
7.4131,7.26224,0.150847,7.06513,0.00471569,0.00917757
7.46449,7.31356,0.150916,7.01601,0.00468289,0.00918
7.51623,7.36523,0.150985,6.96723,0.00465033,0.00918241
7.56833,7.41726,0.151054,6.9188,0.004618,0.00918481
7.62079,7.46965,0.151123,6.8707,0.00458589,0.00918719
7.67361,7.52241,0.151192,6.82295,0.00455401,0.00918956
7.72681,7.57553,0.151261,6.77552,0.00452235,0.00919191
7.78037,7.62902,0.15133,6.72844,0.00449091,0.00919425
7.8343,7.68288,0.151399,6.68168,0.0044597,0.00919658
7.8886,7.73712,0.151468,6.63525,0.0044287,0.00919889
7.94328,7.79173,0.151537,6.58914,0.00439792,0.00920118
7.99834,7.84672,0.151606,6.54336,0.00436736,0.00920346
8.05378,7.90207,0.151703,6.49791,0.00433702,0.00920566
8.10961,7.95779,0.151805,6.45278,0.00430689,0.00920784
8.16582,8.0139,0.151912,6.40797,0.00427698,0.00920999
8.22243,8.07041,0.152003,6.36346,0.00424726,0.00921217
8.27942,8.12732,0.152094,6.31927,0.00421776,0.00921433
8.33681,8.18461,0.152185,6.27539,0.00418847,0.00921648
8.3946,8.24231,0.152276,6.23181,0.00415938,0.00921862
8.45279,8.30041,0.152367,6.18854,0.00413049,0.00922074
8.51138,8.35891,0.152459,6.14557,0.00410181,0.00922285
8.57038,8.41782,0.152551,6.1029,0.00407332,0.00922495
8.62979,8.47713,0.152643,6.06054,0.00404504,0.00922703
8.6896,8.53686,0.152735,6.01846,0.00401696,0.0092291
8.74984,8.597,0.152827,5.97668,0.00398907,0.00923116
8.81049,8.65756,0.152919,5.9352,0.00396137,0.0092332
8.87156,8.71854,0.153012,5.894,0.00393387,0.00923524
8.93305,8.77994,0.153104,5.8531,0.00390657,0.00923726
8.99498,8.84177,0.153197,5.81248,0.00387945,0.00923926
9.05733,8.90403,0.15329,5.77214,0.00385252,0.00924126
9.12011,8.96671,0.153383,5.73208,0.00382578,0.00924324
9.18333,9.02984,0.153477,5.69231,0.00379923,0.00924521
9.24698,9.0934,0.15357,5.65281,0.00377287,0.00924717
9.31108,9.15741,0.153664,5.61359,0.00374669,0.00924911
9.37562,9.22185,0.153757,5.57464,0.00372069,0.00925105
9.44061,9.28675,0.153851,5.53597,0.00369487,0.00925297
9.50605,9.35209,0.153946,5.49757,0.00366923,0.00925488
9.57194,9.41789,0.15404,5.45943,0.00364378,0.00925677
9.63829,9.48415,0.154134,5.42156,0.0036185,0.00925866
9.7051,9.55086,0.154229,5.38395,0.00359339,0.00926053
9.77237,9.61804,0.154324,5.34661,0.00356847,0.0092624
9.84011,9.68568,0.154419,5.30953,0.00354371,0.00926424
9.90832,9.7538,0.154514,5.27271,0.00351913,0.00926609
9.977,9.82238,0.154609,5.23614,0.00349473,0.00926791
10.0462,9.89144,0.154705,5.19984,0.00347049,0.00926973
10.1158,9.96099,0.154801,5.16378,0.00344642,0.00927153
10.1859,10.031,0.154896,5.12797,0.00342252,0.00927333
10.2565,10.1015,0.154993,5.09242,0.00339879,0.00927511
10.3276,10.1725,0.155089,5.05711,0.00337522,0.00927688
10.3992,10.244,0.155185,5.02205,0.00335182,0.00927864
10.4713,10.316,0.155282,4.98724,0.00332858,0.00928039
10.5439,10.3885,0.155379,4.95267,0.0033055,0.00928212
10.617,10.4615,0.155476,4.91833,0.00328258,0.00928385
10.6905,10.535,0.155573,4.88424,0.00325983,0.00928557
10.7647,10.609,0.155671,4.85039,0.00323723,0.00928727
10.8393,10.6835,0.155768,4.81677,0.00321479,0.00928897
10.9144,10.7585,0.155866,4.78339,0.0031925,0.00929065
10.9901,10.8341,0.155964,4.75024,0.00317038,0.00929233
11.0662,10.9102,0.156063,4.71732,0.0031484,0.00929399
11.1429,10.9868,0.156161,4.68463,0.00312658,0.00929564
11.2202,11.0639,0.15626,4.65217,0.00310492,0.00929729
11.298,11.1416,0.156359,4.61993,0.0030834,0.00929892
11.3763,11.2198,0.156458,4.58792,0.00306203,0.00930054
11.4551,11.2986,0.156557,4.55614,0.00304081,0.00930215
11.5345,11.3779,0.156657,4.52457,0.00301974,0.00930375
11.6145,11.4577,0.156757,4.49322,0.00299882,0.00930534
11.695,11.5381,0.156857,4.4621,0.00297804,0.00930692
11.7761,11.6191,0.156957,4.43119,0.00295741,0.00930849
11.8577,11.7006,0.157057,4.40049,0.00293692,0.00931006
11.9399,11.7827,0.157158,4.37001,0.00291657,0.00931161
12.0226,11.8654,0.157259,4.33974,0.00289637,0.00931315
12.106,11.9486,0.15736,4.30968,0.00287631,0.00931468
12.1899,12.0324,0.157461,4.27984,0.00285638,0.00931621
12.2744,12.1168,0.157563,4.2502,0.0028366,0.00931772
12.3595,12.2018,0.157665,4.22076,0.00281695,0.00931922
12.4451,12.2874,0.157767,4.19153,0.00279744,0.00932072
12.5314,12.3735,0.157869,4.16251,0.00277807,0.0093222
12.6183,12.4603,0.157972,4.13368,0.00275883,0.00932368
12.7057,12.5477,0.158075,4.10506,0.00273972,0.00932514
12.7938,12.6356,0.158178,4.07664,0.00272075,0.0093266
12.8825,12.7242,0.158281,4.04841,0.00270191,0.00932805
12.9718,12.8134,0.158385,4.02038,0.0026832,0.00932948
13.0617,12.9032,0.158489,3.99255,0.00266462,0.00933092
13.1522,12.9937,0.158593,3.96491,0.00264617,0.00933233
13.2434,13.0847,0.158698,3.93746,0.00262785,0.00933375
13.3352,13.1764,0.158802,3.91021,0.00260966,0.00933515
13.4276,13.2687,0.158907,3.88314,0.00259159,0.00933654
13.5207,13.3617,0.159012,3.85626,0.00257365,0.00933793
13.6144,13.4553,0.159118,3.82957,0.00255584,0.0093393
13.7088,13.5496,0.159224,3.80306,0.00253815,0.00934067
13.8038,13.6445,0.15933,3.77674,0.00252058,0.00934203
13.8995,13.7401,0.159436,3.7506,0.00250313,0.00934338
13.9959,13.8363,0.159543,3.72464,0.0024858,0.00934472
14.0929,13.9332,0.159649,3.69887,0.0024686,0.00934606
14.1906,14.0308,0.159757,3.67327,0.00245151,0.00934738
14.2889,14.1291,0.159864,3.64785,0.00243455,0.00934869
14.388,14.228,0.159972,3.62261,0.0024177,0.00935
14.4877,14.3276,0.16008,3.59754,0.00240097,0.0093513
14.5881,14.428,0.160188,3.57265,0.00238436,0.00935259
14.6893,14.529,0.160297,3.54793,0.00236785,0.00935388
14.7911,14.6307,0.160406,3.52338,0.00235147,0.00935515
14.8936,14.7331,0.160515,3.49901,0.0023352,0.00935642
14.9968,14.8362,0.160625,3.4748,0.00231904,0.00935768
15.1008,14.9401,0.160735,3.45076,0.002303,0.00935893
15.2055,15.0446,0.160845,3.42689,0.00228706,0.00936017
15.3109,15.1499,0.160955,3.40318,0.00227124,0.00936141
15.417,15.2559,0.161066,3.37964,0.00225553,0.00936264
15.5239,15.3627,0.161177,3.35626,0.00223993,0.00936386
15.6315,15.4702,0.161289,3.33305,0.00222443,0.00936507
15.7398,15.5784,0.161401,3.30999,0.00220904,0.00936627
15.8489,15.6874,0.161513,3.2871,0.00219376,0.00936747
15.9588,15.7972,0.161625,3.26437,0.00217859,0.00936866
16.0694,15.9077,0.161738,3.24179,0.00216352,0.00936984
16.1808,16.0189,0.161851,3.21937,0.00214855,0.00937101
16.293,16.131,0.161965,3.19711,0.00213369,0.00937218
16.4059,16.2438,0.162079,3.175,0.00211894,0.00937334
16.5196,16.3574,0.162193,3.15304,0.00210428,0.00937449
16.6341,16.4718,0.162307,3.13124,0.00208973,0.00937563
16.7494,16.587,0.162422,3.10958,0.00207528,0.00937677
16.8655,16.703,0.162537,3.08808,0.00206093,0.0093779
16.9824,16.8198,0.162653,3.06673,0.00204668,0.00937902
17.1002,16.9374,0.162769,3.04553,0.00203252,0.00938014
17.2187,17.0558,0.162885,3.02447,0.00201847,0.00938125
17.338,17.175,0.163002,3.00356,0.00200451,0.00938235
17.4582,17.2951,0.163119,2.98279,0.00199065,0.00938344
17.5792,17.416,0.163237,2.96217,0.00197689,0.00938453
17.7011,17.5377,0.163354,2.94169,0.00196322,0.00938561
17.8238,17.6603,0.163473,2.92136,0.00194965,0.00938668
17.9473,17.7837,0.163591,2.90116,0.00193617,0.00938775
18.0717,17.908,0.16371,2.88111,0.00192278,0.00938881
18.197,18.0332,0.16383,2.86119,0.00190949,0.00938986
18.3231,18.1592,0.163949,2.84141,0.00189629,0.00939091
18.4502,18.2861,0.16407,2.82177,0.00188318,0.00939195
18.578,18.4139,0.16419,2.80227,0.00187017,0.00939298
18.7068,18.5425,0.164311,2.7829,0.00185724,0.00939401
18.8365,18.6721,0.164433,2.76367,0.0018444,0.00939503
18.9671,18.8025,0.164554,2.74456,0.00183165,0.00939604
19.0985,18.9339,0.164677,2.7256,0.00181899,0.00939705
19.2309,19.0661,0.164799,2.70676,0.00180642,0.00939805
19.3642,19.1993,0.164922,2.68805,0.00179393,0.00939904
19.4984,19.3334,0.165046,2.66948,0.00178154,0.00940003
19.6336,19.4684,0.16517,2.65103,0.00176922,0.00940101
19.7697,19.6044,0.165294,2.63271,0.001757,0.00940199
19.9067,19.7413,0.165419,2.61452,0.00174485,0.00940296
20.0447,19.8792,0.165544,2.59645,0.0017328,0.00940392
20.1837,20.018,0.16567,2.57851,0.00172082,0.00940488
20.3236,20.1578,0.165796,2.56069,0.00170893,0.00940583
20.4644,20.2985,0.165923,2.543,0.00169712,0.00940677
20.6063,20.4402,0.16605,2.52543,0.0016854,0.00940771
20.7491,20.583,0.166177,2.50798,0.00167375,0.00940864
20.893,20.7267,0.166305,2.49065,0.00166219,0.00940957
21.0378,20.8713,0.166433,2.47345,0.0016507,0.00941049
21.1836,21.017,0.166562,2.45636,0.0016393,0.0094114
21.3304,21.1638,0.166692,2.43939,0.00162797,0.00941231
21.4783,21.3115,0.166822,2.42254,0.00161672,0.00941322
21.6272,21.4602,0.166952,2.4058,0.00160555,0.00941411
21.7771,21.61,0.167083,2.38918,0.00159446,0.009415
21.928,21.7608,0.167214,2.37268,0.00158345,0.00941589
22.08,21.9127,0.167346,2.35629,0.00157251,0.00941677
22.2331,22.0656,0.167478,2.34001,0.00156164,0.00941764
22.3872,22.2196,0.167611,2.32385,0.00155086,0.00941851
22.5424,22.3746,0.167744,2.3078,0.00154014,0.00941938
22.6986,22.5308,0.167878,2.29186,0.0015295,0.00942024
22.856,22.688,0.168013,2.27603,0.00151894,0.00942109
23.0144,22.8463,0.168147,2.26031,0.00150845,0.00942193
23.1739,23.0057,0.168283,2.2447,0.00149803,0.00942277
23.3346,23.1662,0.168419,2.22919,0.00148768,0.00942361
23.4963,23.3278,0.168555,2.2138,0.00147741,0.00942444
23.6592,23.4905,0.168692,2.19851,0.0014672,0.00942526
23.8232,23.6544,0.16883,2.18333,0.00145707,0.00942608
23.9883,23.8194,0.168968,2.16825,0.00144701,0.0094269
24.1546,23.9855,0.169106,2.15327,0.00143701,0.00942771
24.322,24.1528,0.169246,2.1384,0.00142709,0.00942851
24.4906,24.3212,0.169385,2.12364,0.00141723,0.00942931
24.6604,24.4909,0.169526,2.10897,0.00140745,0.00943011
24.8313,24.6617,0.169667,2.09441,0.00139773,0.00943089
25.0035,24.8336,0.169808,2.07995,0.00138808,0.00943168
25.1768,25.0068,0.16995,2.06559,0.00137849,0.00943246
25.3513,25.1812,0.170093,2.05132,0.00136897,0.00943323
25.527,25.3568,0.170236,2.03716,0.00135952,0.009434
25.704,25.5336,0.17038,2.02309,0.00135013,0.00943476
25.8821,25.7116,0.170524,2.00913,0.00134081,0.00943552
26.0615,25.8909,0.170669,1.99526,0.00133155,0.00943628
26.2422,26.0714,0.170815,1.98148,0.00132236,0.00943702
26.4241,26.2531,0.170961,1.9678,0.00131323,0.00943777
26.6073,26.4361,0.171108,1.95421,0.00130416,0.00943851
26.7917,26.6204,0.171255,1.94072,0.00129516,0.00943924
26.9774,26.806,0.171403,1.92733,0.00128621,0.00943997
27.1644,26.9928,0.171552,1.91402,0.00127733,0.0094407
27.3527,27.181,0.171701,1.90081,0.00126852,0.00944142
27.5423,27.3704,0.171851,1.88769,0.00125976,0.00944213
27.7332,27.5612,0.172002,1.87465,0.00125106,0.00944285
27.9254,27.7533,0.172153,1.86171,0.00124243,0.00944355
28.119,27.9467,0.172305,1.84886,0.00123385,0.00944425
28.3139,28.1415,0.172458,1.8361,0.00122533,0.00944495
28.5102,28.3376,0.172611,1.82343,0.00121687,0.00944564
28.7078,28.535,0.172765,1.81084,0.00120847,0.00944633
28.9068,28.7339,0.17292,1.79834,0.00120013,0.00944702
29.1072,28.9341,0.173075,1.78593,0.00119185,0.0094477
29.3089,29.1357,0.173231,1.7736,0.00118362,0.00944837
29.5121,29.3387,0.173388,1.76136,0.00117545,0.00944905
29.7167,29.5431,0.173545,1.74921,0.00116734,0.00944971
29.9226,29.7489,0.173703,1.73713,0.00115928,0.00945037
30.1301,29.9562,0.173862,1.72514,0.00115128,0.00945103
30.3389,30.1649,0.174021,1.71324,0.00114333,0.00945168
30.5492,30.375,0.174182,1.70141,0.00113544,0.00945233
30.761,30.5866,0.174342,1.68967,0.00112761,0.00945298
30.9742,30.7997,0.174504,1.67801,0.00111982,0.00945362
31.1889,31.0142,0.174667,1.66643,0.0011121,0.00945426
31.4051,31.2303,0.17483,1.65493,0.00110442,0.00945489
31.6228,31.4478,0.174994,1.64351,0.0010968,0.00945552
31.842,31.6668,0.175158,1.63217,0.00108923,0.00945614
32.0627,31.8874,0.175324,1.62091,0.00108171,0.00945676
32.2849,32.1095,0.17549,1.60972,0.00107425,0.00945738
32.5087,32.3331,0.175657,1.59861,0.00106684,0.00945799
32.7341,32.5582,0.175825,1.58758,0.00105947,0.0094586
32.961,32.785,0.175993,1.57663,0.00105216,0.00945921
33.1894,33.0133,0.176163,1.56575,0.0010449,0.00945981
33.4195,33.2432,0.176333,1.55495,0.00103769,0.00946041
33.6512,33.4747,0.176504,1.54422,0.00103053,0.009461
33.8844,33.7077,0.176676,1.53356,0.00102342,0.00946159
34.1193,33.9424,0.176848,1.52298,0.00101636,0.00946217
34.3558,34.1788,0.177022,1.51247,0.00100935,0.00946276
34.5939,34.4167,0.177196,1.50204,0.00100238,0.00946333
34.8337,34.6564,0.177371,1.49168,0.000995467,0.00946391
35.0752,34.8976,0.177547,1.48138,0.000988599,0.00946448
35.3183,35.1406,0.177724,1.47116,0.000981778,0.00946504
35.5631,35.3852,0.177901,1.46101,0.000975005,0.00946561
35.8096,35.6316,0.17808,1.45094,0.000968278,0.00946617
36.0579,35.8796,0.178259,1.44093,0.000961598,0.00946672
36.3078,36.1294,0.178439,1.43098,0.000954963,0.00946728
36.5595,36.3809,0.178621,1.42111,0.000948375,0.00946782
36.8129,36.6341,0.178803,1.41131,0.000941832,0.00946837
37.0681,36.8891,0.178985,1.40157,0.000935335,0.00946891
37.325,37.1458,0.179169,1.39191,0.000928883,0.00946945
37.5837,37.4044,0.179354,1.3823,0.000922475,0.00946998
37.8443,37.6647,0.17954,1.37277,0.000916111,0.00947051
38.1066,37.9269,0.179726,1.3633,0.000909792,0.00947104
38.3707,38.1908,0.179914,1.3539,0.000903516,0.00947157
38.6367,38.4566,0.180102,1.34456,0.000897283,0.00947209
38.9045,38.7242,0.180292,1.33528,0.000891093,0.0094726
39.1742,38.9937,0.180482,1.32607,0.000884947,0.00947312
39.4457,39.2651,0.180673,1.31692,0.000878843,0.00947363
39.7192,39.5383,0.180866,1.30784,0.00087278,0.00947414
39.9945,39.8134,0.181059,1.29882,0.00086676,0.00947464
40.2717,40.0904,0.181253,1.28986,0.000860782,0.00947514
40.5509,40.3694,0.181448,1.28097,0.000854845,0.00947564
40.8319,40.6503,0.181645,1.27213,0.000848948,0.00947613
41.115,40.9331,0.181842,1.26336,0.000843093,0.00947662
41.4,41.2179,0.18204,1.25464,0.000837278,0.00947711
41.6869,41.5047,0.182239,1.24599,0.000831503,0.0094776
41.9759,41.7935,0.18244,1.2374,0.000825768,0.00947808
42.2669,42.0842,0.182641,1.22886,0.000820073,0.00947856
42.5598,42.377,0.182843,1.22039,0.000814417,0.00947903
42.8549,42.6718,0.183047,1.21197,0.0008088,0.00947951
43.1519,42.9687,0.183251,1.20361,0.000803222,0.00947998
43.451,43.2676,0.183457,1.19531,0.000797682,0.00948044
43.7522,43.5685,0.183664,1.18707,0.000792181,0.00948091
44.0555,43.8716,0.183871,1.17888,0.000786718,0.00948137
44.3609,44.1768,0.18408,1.17075,0.000781292,0.00948183
44.6684,44.4841,0.18429,1.16268,0.000775904,0.00948228
44.978,44.7935,0.184501,1.15466,0.000770553,0.00948273
45.2898,45.105,0.184713,1.1467,0.00076524,0.00948318
45.6037,45.4188,0.184927,1.13879,0.000759962,0.00948362
45.9198,45.7347,0.185141,1.13094,0.000754722,0.00948406
46.2381,46.0527,0.185357,1.12314,0.000749517,0.00948451
46.5586,46.373,0.185574,1.1154,0.000744349,0.00948494
46.8813,46.6955,0.185792,1.1077,0.000739216,0.00948538
47.2063,47.0203,0.186011,1.10007,0.000734119,0.00948581
47.5335,47.3473,0.186231,1.09248,0.000729056,0.00948623
47.863,47.6766,0.186452,1.08495,0.000724029,0.00948666
48.1948,48.0081,0.186675,1.07747,0.000719037,0.00948708
48.5289,48.342,0.186899,1.07004,0.000714079,0.00948751
48.8652,48.6781,0.187124,1.06266,0.000709155,0.00948792
49.204,49.0166,0.18735,1.05533,0.000704265,0.00948834
49.545,49.3574,0.187578,1.04806,0.000699409,0.00948875
49.8884,49.7006,0.187807,1.04083,0.000694586,0.00948916
50.2343,50.0462,0.188037,1.03365,0.000689797,0.00948956
50.5825,50.3942,0.188268,1.02653,0.000685041,0.00948997
50.9331,50.7446,0.188501,1.01945,0.000680318,0.00949037
51.2861,51.0974,0.188735,1.01242,0.000675627,0.00949077
51.6416,51.4527,0.18897,1.00544,0.000670969,0.00949116
51.9996,51.8104,0.189206,0.99851,0.000666343,0.00949156
52.36,52.1706,0.189444,0.991625,0.000661749,0.00949195
52.723,52.5333,0.189683,0.984789,0.000657187,0.00949234
53.0884,52.8985,0.189924,0.978,0.000652656,0.00949272
53.4564,53.2663,0.190166,0.971257,0.000648156,0.00949311
53.827,53.6366,0.190409,0.964561,0.000643687,0.00949349
54.2001,54.0094,0.190653,0.957912,0.00063925,0.00949387
54.5758,54.3849,0.190899,0.951308,0.000634843,0.00949424
54.9541,54.7629,0.191146,0.94475,0.000630466,0.00949462
55.335,55.1436,0.191395,0.938237,0.00062612,0.00949499
55.7186,55.5269,0.191645,0.931769,0.000621803,0.00949536
56.1048,55.9129,0.191897,0.925345,0.000617517,0.00949573
56.4937,56.3015,0.19215,0.918966,0.00061326,0.00949609
56.8853,56.6929,0.192404,0.912632,0.000609032,0.00949645
57.2796,57.0869,0.19266,0.90634,0.000604833,0.00949681
57.6766,57.4837,0.192917,0.900093,0.000600664,0.00949717
58.0764,57.8833,0.193176,0.893888,0.000596523,0.00949753
58.479,58.2856,0.193436,0.887726,0.000592411,0.00949788
58.8844,58.6907,0.193698,0.881607,0.000588327,0.00949823
59.2925,59.0986,0.193961,0.87553,0.000584272,0.00949858
59.7035,59.5093,0.194226,0.869495,0.000580244,0.00949892
60.1174,59.9229,0.194492,0.863501,0.000576244,0.00949927
60.5341,60.3393,0.19476,0.857549,0.000572272,0.00949961
60.9537,60.7587,0.19503,0.851638,0.000568328,0.00949995
61.3762,61.1809,0.195301,0.845768,0.00056441,0.00950029
61.8016,61.6061,0.195573,0.839938,0.00056052,0.00950062
62.23,62.0342,0.195847,0.834149,0.000556656,0.00950095
62.6614,62.4653,0.196123,0.828399,0.000552819,0.00950129
63.0957,62.8993,0.1964,0.822689,0.000549008,0.00950162
63.5331,63.3364,0.196679,0.817019,0.000545224,0.00950194
63.9735,63.7765,0.19696,0.811387,0.000541466,0.00950226
64.4169,64.2197,0.197242,0.805795,0.000537734,0.00950259
64.8634,64.6659,0.197526,0.800241,0.000534028,0.00950291
65.3131,65.1152,0.197812,0.794726,0.000530347,0.00950323
65.7658,65.5677,0.198099,0.789248,0.000526692,0.00950354
66.2217,66.0233,0.198388,0.783808,0.000523061,0.00950386
66.6807,66.482,0.198678,0.778406,0.000519456,0.00950417
67.1429,66.9439,0.198971,0.773041,0.000515876,0.00950448
67.6083,67.409,0.199265,0.767714,0.00051232,0.00950479
68.0769,67.8774,0.199561,0.762423,0.000508789,0.0095051
68.5488,68.349,0.199859,0.757168,0.000505283,0.0095054
69.024,68.8238,0.200158,0.75195,0.0005018,0.0095057
69.5024,69.302,0.200459,0.746767,0.000498342,0.009506
69.9842,69.7834,0.200762,0.741621,0.000494907,0.0095063
70.4693,70.2682,0.201067,0.73651,0.000491497,0.0095066
70.9578,70.7564,0.201374,0.731434,0.000488109,0.0095069
71.4496,71.248,0.201682,0.726393,0.000484745,0.00950719
71.9449,71.7429,0.201993,0.721387,0.000481405,0.00950748
72.4436,72.2413,0.202305,0.716416,0.000478087,0.00950777
72.9458,72.7431,0.202619,0.711479,0.000474792,0.00950806
73.4514,73.2485,0.202935,0.706575,0.00047152,0.00950834
73.9605,73.7573,0.203253,0.701706,0.00046827,0.00950863
74.4732,74.2696,0.203573,0.69687,0.000465043,0.00950891
74.9894,74.7855,0.203895,0.692068,0.000461839,0.00950919
75.5092,75.305,0.204218,0.687299,0.000458656,0.00950947
76.0326,75.8281,0.204544,0.682562,0.000455495,0.00950975
76.5597,76.3548,0.204872,0.677859,0.000452356,0.00951003
77.0903,76.8851,0.205202,0.673188,0.000449239,0.0095103
77.6247,77.4192,0.205533,0.668549,0.000446143,0.00951058
78.1628,77.9569,0.205867,0.663942,0.000443069,0.00951085
78.7046,78.4984,0.206203,0.659367,0.000440015,0.00951112
79.2501,79.0436,0.206541,0.654823,0.000436983,0.00951138
79.7995,79.5926,0.206881,0.650311,0.000433972,0.00951165
80.3526,80.1454,0.207223,0.645829,0.000430981,0.00951192
80.9096,80.702,0.207567,0.641379,0.000428012,0.00951218
81.4704,81.2625,0.207914,0.63696,0.000425062,0.00951244
82.0352,81.8269,0.208262,0.63257,0.000422133,0.0095127
82.6038,82.3952,0.208613,0.628212,0.000419224,0.00951296
83.1764,82.9674,0.208966,0.623883,0.000416336,0.00951322
83.7529,83.5436,0.209321,0.619584,0.000413467,0.00951347
84.3335,84.1238,0.209678,0.615315,0.000410618,0.00951373
84.918,84.708,0.210037,0.611075,0.000407788,0.00951398
85.5067,85.2963,0.210399,0.606864,0.000404978,0.00951423
86.0994,85.8886,0.210763,0.602683,0.000402188,0.00951448
86.6962,86.4851,0.211129,0.59853,0.000399417,0.00951473
87.2971,87.0856,0.211498,0.594406,0.000396664,0.00951498
87.9023,87.6904,0.211869,0.590311,0.000393931,0.00951522
88.5116,88.2993,0.212242,0.586243,0.000391217,0.00951547
89.1251,88.9125,0.212617,0.582204,0.000388521,0.00951571
89.7429,89.5299,0.212995,0.578193,0.000385844,0.00951595
90.3649,90.1516,0.213375,0.574209,0.000383186,0.00951619
90.9913,90.7776,0.213758,0.570252,0.000380546,0.00951643
91.622,91.4079,0.214143,0.566323,0.000377924,0.00951667
92.2571,92.0426,0.214531,0.562421,0.00037532,0.00951691
92.8966,92.6817,0.214921,0.558546,0.000372734,0.00951714
93.5406,93.3253,0.215313,0.554698,0.000370166,0.00951738
94.189,93.9733,0.215708,0.550876,0.000367615,0.00951761
94.8418,94.6257,0.216105,0.547081,0.000365082,0.00951784
95.4993,95.2828,0.216505,0.543312,0.000362567,0.00951808
96.1612,95.9443,0.216908,0.539568,0.000360069,0.00951831
96.8278,96.6105,0.217313,0.535851,0.000357588,0.00951853
97.499,97.2812,0.217721,0.532159,0.000355124,0.00951876
98.1748,97.9567,0.218131,0.528493,0.000352678,0.00951899
98.8553,98.6368,0.218544,0.524852,0.000350248,0.00951921
99.5405,99.3216,0.21896,0.521236,0.000347835,0.00951944
100.231,100.011,0.219378,0.517645,0.000345438,0.00951966
100.925,100.705,0.219799,0.514078,0.000343058,0.00951988
101.625,101.405,0.220222,0.510537,0.000340695,0.00952011
102.329,102.109,0.220649,0.507019,0.000338348,0.00952033
103.039,102.818,0.221078,0.503526,0.000336017,0.00952055
103.753,103.531,0.22151,0.500057,0.000333702,0.00952076
104.472,104.25,0.221944,0.496612,0.000331403,0.00952098
105.196,104.974,0.222382,0.493191,0.00032912,0.0095212
105.925,105.703,0.222822,0.489793,0.000326852,0.00952142
106.66,106.436,0.223265,0.486419,0.0003246,0.00952163
107.399,107.175,0.223711,0.483068,0.000322364,0.00952185
108.143,107.919,0.22416,0.47974,0.000320143,0.00952206
108.893,108.668,0.224612,0.476435,0.000317938,0.00952227
109.648,109.423,0.225067,0.473153,0.000315747,0.00952249
110.408,110.182,0.225525,0.469893,0.000313572,0.0095227
111.173,110.947,0.225985,0.466656,0.000311412,0.00952291
111.944,111.717,0.226449,0.463442,0.000309267,0.00952312
112.72,112.493,0.226916,0.460249,0.000307136,0.00952333
113.501,113.274,0.227386,0.457078,0.00030502,0.00952353
114.288,114.06,0.227859,0.45393,0.000302919,0.00952374
115.08,114.852,0.228335,0.450803,0.000300832,0.00952395
115.878,115.649,0.228814,0.447697,0.00029876,0.00952416
116.681,116.452,0.229296,0.444613,0.000296702,0.00952437
117.49,117.26,0.229782,0.44155,0.000294658,0.00952457
118.304,118.074,0.23027,0.438509,0.000292628,0.00952478
119.124,118.893,0.230762,0.435488,0.000290612,0.00952498
119.95,119.719,0.231257,0.432488,0.00028861,0.00952519
120.781,120.55,0.231756,0.429509,0.000286622,0.00952539
121.619,121.386,0.232257,0.42655,0.000284648,0.0095256
122.462,122.229,0.232762,0.423612,0.000282687,0.0095258
123.31,123.077,0.233271,0.420694,0.00028074,0.009526
124.165,123.931,0.233782,0.417796,0.000278806,0.00952621
125.026,124.792,0.234297,0.414918,0.000276885,0.00952641
125.893,125.658,0.234816,0.41206,0.000274978,0.00952662
126.765,126.53,0.235338,0.409221,0.000273084,0.00952682
127.644,127.408,0.235863,0.406403,0.000271203,0.00952702
128.529,128.292,0.236392,0.403603,0.000269334,0.00952723
129.42,129.183,0.236925,0.400823,0.000267479,0.00952743
130.317,130.079,0.237461,0.398062,0.000265637,0.00952763
131.22,130.982,0.238001,0.39532,0.000263807,0.00952783
132.13,131.891,0.238544,0.392597,0.00026199,0.00952804
133.045,132.806,0.239091,0.389893,0.000260185,0.00952824
133.968,133.728,0.239641,0.387207,0.000258393,0.00952844
134.896,134.656,0.240195,0.38454,0.000256613,0.00952865
135.831,135.591,0.240753,0.381891,0.000254845,0.00952885
136.773,136.532,0.241315,0.379261,0.00025309,0.00952905
137.721,137.479,0.241881,0.376648,0.000251347,0.00952926
138.676,138.433,0.24245,0.374054,0.000249615,0.00952946
139.637,139.394,0.243023,0.371478,0.000247896,0.00952967
140.605,140.361,0.2436,0.368919,0.000246188,0.00952988
141.579,141.335,0.244181,0.366378,0.000244493,0.00953008
142.561,142.316,0.244766,0.363854,0.000242809,0.00953029
143.549,143.304,0.245354,0.361348,0.000241136,0.0095305
144.544,144.298,0.245947,0.358859,0.000239475,0.0095307
145.546,145.299,0.246544,0.356387,0.000237826,0.00953091
146.555,146.308,0.247144,0.353933,0.000236188,0.00953112
147.571,147.323,0.247749,0.351495,0.000234561,0.00953133
148.594,148.345,0.248358,0.349074,0.000232945,0.00953155
149.624,149.375,0.248971,0.34667,0.000231341,0.00953176
150.661,150.411,0.249589,0.344282,0.000229747,0.00953197
151.705,151.455,0.25021,0.341911,0.000228165,0.00953219
152.757,152.506,0.250836,0.339556,0.000226593,0.0095324
153.815,153.564,0.251466,0.337217,0.000225033,0.00953262
154.882,154.63,0.2521,0.334894,0.000223483,0.00953284
155.955,155.703,0.252738,0.332588,0.000221944,0.00953306
157.036,156.783,0.253381,0.330297,0.000220415,0.00953328
158.125,157.871,0.254029,0.328022,0.000218897,0.0095335
159.221,158.966,0.254681,0.325763,0.000217389,0.00953373
160.325,160.069,0.255337,0.323519,0.000215892,0.00953395
161.436,161.18,0.255997,0.321291,0.000214405,0.00953418
162.555,162.298,0.256663,0.319078,0.000212928,0.00953441
163.682,163.424,0.257333,0.316881,0.000211462,0.00953464
164.816,164.558,0.258007,0.314698,0.000210005,0.00953487
165.959,165.7,0.258686,0.312531,0.000208559,0.00953511
167.109,166.85,0.25937,0.310378,0.000207122,0.00953534
168.267,168.007,0.260058,0.30824,0.000205696,0.00953559
169.434,169.173,0.260751,0.306118,0.000204279,0.00953583
170.608,170.347,0.261449,0.304009,0.000202872,0.00953607
171.791,171.529,0.262152,0.301915,0.000201475,0.00953632
172.982,172.719,0.26286,0.299836,0.000200087,0.00953657
174.181,173.917,0.263572,0.297771,0.000198709,0.00953682
175.388,175.124,0.26429,0.29572,0.000197341,0.00953708
176.604,176.339,0.265012,0.293684,0.000195982,0.00953733
177.828,177.562,0.26574,0.291661,0.000194632,0.00953759
179.061,178.794,0.266472,0.289652,0.000193291,0.00953786
180.302,180.035,0.26721,0.287658,0.00019196,0.00953813
181.552,181.284,0.267952,0.285676,0.000190638,0.0095384
182.81,182.541,0.2687,0.283709,0.000189325,0.00953867
184.077,183.808,0.269453,0.281755,0.000188021,0.00953895
185.353,185.083,0.270212,0.279815,0.000186726,0.00953923
186.638,186.367,0.270975,0.277888,0.00018544,0.00953952
187.932,187.66,0.271744,0.275974,0.000184163,0.00953981
189.234,188.962,0.272518,0.274073,0.000182895,0.0095401
190.546,190.273,0.273298,0.272186,0.000181635,0.0095404
191.867,191.593,0.274083,0.270311,0.000180385,0.0095407
193.197,192.922,0.274874,0.26845,0.000179142,0.00954101
194.536,194.26,0.27567,0.266601,0.000177909,0.00954132
195.884,195.608,0.276471,0.264765,0.000176683,0.00954164
197.242,196.965,0.277279,0.262941,0.000175466,0.00954196
198.609,198.331,0.278092,0.261131,0.000174258,0.00954229
199.986,199.707,0.27891,0.259332,0.000173058,0.00954262
201.372,201.093,0.279735,0.257546,0.000171866,0.00954296
202.768,202.488,0.280565,0.255773,0.000170683,0.00954331
204.174,203.892,0.281401,0.254011,0.000169507,0.00954366
205.589,205.307,0.282243,0.252262,0.00016834,0.00954401
207.014,206.731,0.283091,0.250525,0.00016718,0.00954438
208.449,208.165,0.283944,0.248799,0.000166029,0.00954475
209.894,209.609,0.284804,0.247086,0.000164886,0.00954512
211.349,211.063,0.28567,0.245384,0.00016375,0.00954551
212.814,212.527,0.286542,0.243695,0.000162623,0.0095459
214.289,214.002,0.28742,0.242016,0.000161503,0.0095463
215.774,215.486,0.288305,0.24035,0.00016039,0.0095467
217.27,216.981,0.289195,0.238694,0.000159286,0.00954712
218.776,218.486,0.290092,0.237051,0.000158189,0.00954754
220.293,220.002,0.290995,0.235418,0.0001571,0.00954797
221.82,221.528,0.291905,0.233797,0.000156018,0.00954841
223.357,223.064,0.292821,0.232187,0.000154943,0.00954886
224.905,224.612,0.293744,0.230588,0.000153876,0.00954931
226.464,226.17,0.294673,0.229,0.000152817,0.00954978
228.034,227.739,0.295608,0.227423,0.000151764,0.00955026
229.615,229.318,0.296551,0.225857,0.000150719,0.00955074
231.206,230.909,0.2975,0.224302,0.000149681,0.00955124
232.809,232.511,0.298456,0.222757,0.00014865,0.00955175
234.423,234.123,0.299418,0.221223,0.000147627,0.00955227
236.048,235.747,0.300388,0.2197,0.00014661,0.0095528
237.684,237.383,0.301364,0.218187,0.000145601,0.00955334
239.332,239.029,0.302347,0.216684,0.000144598,0.00955389
240.991,240.687,0.303338,0.215192,0.000143602,0.00955446
242.661,242.357,0.304335,0.21371,0.000142613,0.00955504
244.343,244.038,0.30534,0.212239,0.000141631,0.00955563
246.037,245.73,0.306351,0.210777,0.000140656,0.00955624
247.742,247.435,0.30737,0.209326,0.000139687,0.00955686
249.459,249.151,0.308396,0.207884,0.000138725,0.00955749
251.189,250.879,0.30943,0.206453,0.00013777,0.00955814
252.93,252.619,0.310471,0.205031,0.000136821,0.0095588
254.683,254.372,0.311519,0.203619,0.000135879,0.00955948
256.448,256.136,0.312575,0.202217,0.000134944,0.00956018
258.226,257.912,0.313639,0.200825,0.000134014,0.00956089
260.016,259.701,0.31471,0.199442,0.000133091,0.00956162
261.818,261.503,0.315788,0.198068,0.000132175,0.00956237
263.633,263.316,0.316875,0.196704,0.000131265,0.00956313
265.461,265.143,0.317969,0.19535,0.000130361,0.00956392
267.301,266.982,0.319072,0.194005,0.000129463,0.00956472
269.153,268.833,0.320182,0.192669,0.000128572,0.00956554
271.019,270.698,0.3213,0.191342,0.000127686,0.00956638
272.898,272.575,0.322426,0.190024,0.000126807,0.00956725
274.789,274.466,0.32356,0.188716,0.000125934,0.00956813
276.694,276.369,0.324703,0.187416,0.000125067,0.00956904
278.612,278.286,0.325854,0.186126,0.000124206,0.00956997
280.543,280.216,0.327013,0.184844,0.00012335,0.00957092
282.488,282.16,0.32818,0.183571,0.000122501,0.0095719
284.446,284.117,0.329356,0.182307,0.000121657,0.0095729
286.418,286.087,0.33054,0.181052,0.00012082,0.00957393
288.403,288.071,0.331733,0.179805,0.000119988,0.00957498
290.402,290.069,0.332934,0.178567,0.000119161,0.00957606
292.415,292.081,0.334145,0.177338,0.000118341,0.00957717
294.442,294.107,0.335363,0.176117,0.000117526,0.0095783
296.483,296.147,0.336591,0.174904,0.000116717,0.00957947
298.538,298.2,0.337828,0.173699,0.000115913,0.00958066
300.608,300.269,0.339073,0.172503,0.000115115,0.00958189
302.691,302.351,0.340328,0.171316,0.000114322,0.00958315
304.789,304.448,0.341592,0.170136,0.000113535,0.00958444
306.902,306.559,0.342865,0.168964,0.000112753,0.00958576
309.03,308.685,0.344147,0.167801,0.000111977,0.00958712
311.172,310.826,0.345438,0.166646,0.000111206,0.00958852
313.329,312.982,0.346739,0.165498,0.00011044,0.00958995
315.5,315.152,0.348049,0.164359,0.00010968,0.00959141
317.687,317.338,0.349369,0.163227,0.000108924,0.00959292
319.89,319.539,0.350698,0.162103,0.000108174,0.00959447
322.107,321.755,0.352038,0.160987,0.00010743,0.00959605
324.34,323.986,0.353386,0.159878,0.00010669,0.00959768
326.588,326.233,0.354745,0.158777,0.000105955,0.00959936
328.852,328.496,0.356113,0.157684,0.000105226,0.00960107
331.131,330.774,0.357492,0.156598,0.000104501,0.00960283
333.426,333.068,0.35888,0.15552,0.000103782,0.00960464
335.738,335.377,0.360279,0.154449,0.000103067,0.0096065
338.065,337.703,0.361688,0.153386,0.000102357,0.00960841
340.408,340.045,0.363107,0.15233,0.000101652,0.00961036
342.768,342.403,0.364536,0.151281,0.000100953,0.00961237
345.144,344.778,0.365976,0.150239,0.000100257,0.00961444
347.536,347.169,0.367427,0.149205,9.95671e-05,0.00961656
349.945,349.576,0.368887,0.148177,9.88815e-05,0.00961873
352.371,352.001,0.370359,0.147157,9.82006e-05,0.00962097
354.813,354.442,0.371841,0.146144,9.75245e-05,0.00962326
357.273,356.9,0.373335,0.145137,9.6853e-05,0.00962561
359.749,359.374,0.374839,0.144138,9.61861e-05,0.00962803
362.243,361.867,0.376354,0.143146,9.55238e-05,0.00963052
364.754,364.376,0.37788,0.14216,9.48661e-05,0.00963307
367.282,366.903,0.379417,0.141181,9.42129e-05,0.00963569
369.828,369.447,0.380966,0.140209,9.35642e-05,0.00963838
372.392,372.009,0.382526,0.139244,9.292e-05,0.00964114
374.973,374.589,0.384097,0.138285,9.22802e-05,0.00964398
377.572,377.187,0.38568,0.137333,9.16448e-05,0.0096469
380.189,379.802,0.387275,0.136387,9.10138e-05,0.00964989
382.825,382.436,0.388881,0.135448,9.03871e-05,0.00965296
385.478,385.088,0.390498,0.134516,8.97647e-05,0.00965612
388.15,387.758,0.392128,0.133589,8.91467e-05,0.00965936
390.841,390.447,0.39377,0.13267,8.85329e-05,0.0096627
393.55,393.155,0.395423,0.131756,8.79233e-05,0.00966612
396.278,395.881,0.397089,0.130849,8.73179e-05,0.00966963
399.025,398.626,0.398767,0.129948,8.67167e-05,0.00967324
401.791,401.39,0.400457,0.129053,8.61196e-05,0.00967695
404.576,404.174,0.40216,0.128165,8.55267e-05,0.00968076
407.38,406.976,0.403875,0.127282,8.49378e-05,0.00968467
410.204,409.799,0.405603,0.126406,8.4353e-05,0.00968869
413.048,412.64,0.407343,0.125535,8.37722e-05,0.00969282
415.911,415.502,0.409096,0.124671,8.31954e-05,0.00969705
418.794,418.383,0.410862,0.123813,8.26226e-05,0.00970141
421.697,421.284,0.412641,0.12296,8.20537e-05,0.00970588
424.62,424.205,0.414433,0.122114,8.14887e-05,0.00971047
427.563,427.147,0.416238,0.121273,8.09276e-05,0.00971519
430.527,430.109,0.418057,0.120438,8.03704e-05,0.00972004
433.511,433.091,0.419888,0.119609,7.98171e-05,0.00972502
436.516,436.094,0.421733,0.118785,7.92675e-05,0.00973013
439.542,439.118,0.423592,0.117967,7.87218e-05,0.00973538
442.588,442.163,0.425464,0.117155,7.81797e-05,0.00974078
445.656,445.229,0.42735,0.116348,7.76414e-05,0.00974632
448.745,448.316,0.42925,0.115547,7.71069e-05,0.00975201
451.856,451.425,0.431164,0.114752,7.6576e-05,0.00975786
454.988,454.555,0.433092,0.113962,7.60487e-05,0.00976387
458.142,457.707,0.435033,0.113177,7.55251e-05,0.00977004
461.318,460.881,0.436989,0.112398,7.50051e-05,0.00977637
464.515,464.076,0.43896,0.111624,7.44887e-05,0.00978288
467.735,467.294,0.440945,0.110855,7.39759e-05,0.00978956
470.977,470.534,0.442944,0.110092,7.34665e-05,0.00979643
474.242,473.797,0.444958,0.109334,7.29607e-05,0.00980348
477.529,477.082,0.446987,0.108581,7.24584e-05,0.00981072
480.839,480.39,0.449031,0.107834,7.19595e-05,0.00981815
484.172,483.721,0.451089,0.107091,7.1464e-05,0.00982579
487.528,487.075,0.453163,0.106354,7.0972e-05,0.00983364
490.908,490.453,0.455252,0.105622,7.04833e-05,0.0098417
494.311,493.853,0.457356,0.104895,6.99981e-05,0.00984997
497.737,497.278,0.459475,0.104172,6.95161e-05,0.00985847
501.187,500.726,0.46161,0.103455,6.90375e-05,0.00986719
504.661,504.198,0.463761,0.102743,6.85622e-05,0.00987616
508.159,507.694,0.465927,0.102035,6.80901e-05,0.00988536
511.682,511.214,0.468109,0.101333,6.76213e-05,0.00989481
515.229,514.758,0.470307,0.100635,6.71558e-05,0.00990451
518.8,518.328,0.472521,0.0999424,6.66934e-05,0.00991448
522.396,521.921,0.474751,0.0992543,6.62342e-05,0.00992471
526.017,525.54,0.476998,0.0985709,6.57782e-05,0.00993522
529.663,529.184,0.47926,0.0978923,6.53253e-05,0.00994601
533.335,532.853,0.48154,0.0972183,6.48755e-05,0.00995708
537.032,536.548,0.483836,0.096549,6.44289e-05,0.00996846
540.754,540.268,0.486148,0.0958842,6.39853e-05,0.00998014
544.503,544.014,0.488478,0.0952241,6.35448e-05,0.00999213
548.277,547.786,0.490824,0.0945685,6.31073e-05,0.0100044
552.077,551.584,0.493187,0.0939174,6.26728e-05,0.0100171
555.904,555.409,0.495568,0.0932708,6.22413e-05,0.01003
559.758,559.26,0.497966,0.0926286,6.18127e-05,0.0100434
563.638,563.137,0.500381,0.0919909,6.13872e-05,0.010057
567.545,567.042,0.502814,0.0913575,6.09645e-05,0.0100711
571.479,570.973,0.505264,0.0907286,6.05448e-05,0.0100855
575.44,574.932,0.507732,0.0901039,6.0128e-05,0.0101003
579.429,578.918,0.510218,0.0894835,5.9714e-05,0.0101154
583.445,582.932,0.512722,0.0888675,5.93029e-05,0.010131
587.489,586.974,0.515244,0.0882556,5.88946e-05,0.010147
591.562,591.044,0.517785,0.087648,5.84891e-05,0.0101634
595.662,595.142,0.520343,0.0870446,5.80864e-05,0.0101803
599.791,599.268,0.52292,0.0864453,5.76865e-05,0.0101975
603.949,603.423,0.525516,0.0858501,5.72893e-05,0.0102153
608.135,607.607,0.52813,0.0852591,5.68949e-05,0.0102335
612.35,611.82,0.530763,0.0846721,5.65032e-05,0.0102522
616.595,616.062,0.533415,0.0840891,5.61142e-05,0.0102713
620.869,620.333,0.536086,0.0835102,5.57278e-05,0.010291
625.173,624.634,0.538776,0.0829352,5.53442e-05,0.0103111
629.506,628.965,0.541485,0.0823642,5.49631e-05,0.0103318
633.87,633.325,0.544214,0.0817972,5.45847e-05,0.0103531
638.263,637.717,0.546962,0.081234,5.42089e-05,0.0103749
642.688,642.138,0.54973,0.0806748,5.38357e-05,0.0103972
647.143,646.59,0.552518,0.0801193,5.34651e-05,0.0104201
651.628,651.073,0.555326,0.0795677,5.3097e-05,0.0104436
656.145,655.587,0.558153,0.0790199,5.27314e-05,0.0104677
660.693,660.132,0.561001,0.0784759,5.23684e-05,0.0104924
665.273,664.709,0.563868,0.0779356,5.20078e-05,0.0105178
669.885,669.318,0.566756,0.077399,5.16497e-05,0.0105438
674.528,673.958,0.569665,0.0768662,5.12942e-05,0.0105705
679.204,678.631,0.572594,0.076337,5.0941e-05,0.0105978
683.912,683.336,0.575544,0.0758114,5.05903e-05,0.0106258
688.652,688.074,0.578515,0.0752895,5.0242e-05,0.0106546
693.426,692.844,0.581506,0.0747711,4.98961e-05,0.010684
698.232,697.648,0.584519,0.0742564,4.95526e-05,0.0107142
703.072,702.485,0.587552,0.0737451,4.92114e-05,0.0107452
707.946,707.355,0.590607,0.0732374,4.88726e-05,0.0107769
712.853,712.259,0.593684,0.0727332,4.85361e-05,0.0108094
717.794,717.198,0.596782,0.0722325,4.8202e-05,0.0108428
722.77,722.17,0.599901,0.0717352,4.78701e-05,0.0108769
727.78,727.177,0.603042,0.0712413,4.75406e-05,0.0109119
732.825,732.218,0.606205,0.0707508,4.72133e-05,0.0109478
737.904,737.295,0.60939,0.0702637,4.68882e-05,0.0109845
743.019,742.407,0.612597,0.06978,4.65654e-05,0.0110222
748.17,747.554,0.615826,0.0692996,4.62448e-05,0.0110608
753.356,752.736,0.619078,0.0688225,4.59264e-05,0.0111003
758.578,757.955,0.622352,0.0683487,4.56103e-05,0.0111408
763.836,763.21,0.625648,0.0678781,4.52962e-05,0.0111822
769.13,768.501,0.628967,0.0674108,4.49844e-05,0.0112247
774.462,773.829,0.632309,0.0669467,4.46747e-05,0.0112681
779.83,779.194,0.635673,0.0664858,4.43671e-05,0.0113127
785.236,784.597,0.639061,0.0660281,4.40617e-05,0.0113582
790.679,790.036,0.642471,0.0655735,4.37583e-05,0.0114049
796.159,795.513,0.645905,0.065122,4.34571e-05,0.0114527
801.678,801.029,0.649361,0.0646737,4.31579e-05,0.0115016
807.235,806.582,0.652842,0.0642284,4.28608e-05,0.0115517
812.831,812.174,0.656345,0.0637863,4.25657e-05,0.0116029
818.465,817.805,0.659872,0.0633471,4.22726e-05,0.0116553
824.138,823.475,0.663423,0.062911,4.19816e-05,0.011709
829.851,829.184,0.666997,0.0624779,4.16926e-05,0.0117639
835.603,834.932,0.670596,0.0620478,4.14055e-05,0.0118201
841.395,840.721,0.674218,0.0616206,4.11205e-05,0.0118776
847.227,846.55,0.677864,0.0611964,4.08374e-05,0.0119364
853.1,852.419,0.681534,0.060775,4.05562e-05,0.0119965
859.014,858.328,0.685228,0.0603566,4.0277e-05,0.0120581
864.968,864.279,0.688947,0.0599411,3.99997e-05,0.012121
870.964,870.271,0.69269,0.0595284,3.97244e-05,0.0121853
877.001,876.304,0.696457,0.0591186,3.94509e-05,0.0122511
883.08,882.38,0.700249,0.0587116,3.91793e-05,0.0123184
889.201,888.497,0.704065,0.0583074,3.89095e-05,0.0123872
895.365,894.657,0.707906,0.057906,3.86417e-05,0.0124575
901.571,900.859,0.711772,0.0575073,3.83756e-05,0.0125293
907.821,907.105,0.715662,0.0571114,3.81114e-05,0.0126028
914.113,913.394,0.719577,0.0567182,3.7849e-05,0.0126778
920.45,919.726,0.723517,0.0563277,3.75885e-05,0.0127545
926.83,926.102,0.727482,0.05594,3.73297e-05,0.0128329
933.254,932.523,0.731472,0.0555548,3.70727e-05,0.012913
939.723,938.988,0.735487,0.0551724,3.68175e-05,0.0129948
946.237,945.498,0.739527,0.0547925,3.6564e-05,0.0130784
952.796,952.053,0.743593,0.0544153,3.63123e-05,0.0131637
959.401,958.653,0.747683,0.0540407,3.60623e-05,0.0132509
966.051,965.299,0.751799,0.0536687,3.5814e-05,0.0133399
972.747,971.991,0.75594,0.0532992,3.55674e-05,0.0134308
979.49,978.73,0.760106,0.0529322,3.53226e-05,0.0135236
986.279,985.515,0.764298,0.0525678,3.50794e-05,0.0136183
993.116,992.348,0.768515,0.0522059,3.48379e-05,0.0137151
